Latin_name,Family,Leaf,Tair_(˚C),RH_(%),S_(W/m2),u_(m/s),gs_mmol/ms,Tl_(˚C)
Adenocalymma comosum,Bignoniaceae,1,33.23,78.50,619,0.1,172.7,37.4
Adenocalymma comosum,Bignoniaceae,1,34.40,78.47,934,0.1,187.7,40.2
Adenocalymma comosum,Bignoniaceae,1,34.33,73.93,908,0.1,NA,36.8
Adenocalymma comosum,Bignoniaceae,1,35.37,70.67,987,1.2,NA,36.2
Adenocalymma comosum,Bignoniaceae,1,33.23,78.67,138,0.1,580.2,30.2
Adenocalymma comosum,Bignoniaceae,1,34.27,73.97,912,0.1,118.9,39.6
Adenocalymma comosum,Bignoniaceae,1,33.80,75.93,719,0.1,715.7,32.6
Adenocalymma comosum,Bignoniaceae,2,35.37,70.67,988,0.1,618.9,39.2
Adenocalymma comosum,Bignoniaceae,2,33.23,78.50,594,0.1,228.7,36.8
Adenocalymma comosum,Bignoniaceae,2,33.23,78.67,127,0.1,NA,29.6
Adenocalymma comosum,Bignoniaceae,2,33.80,75.93,142,0.1,828.5,31.8
Adenocalymma comosum,Bignoniaceae,2,34.33,73.93,922,0.6,556.1,38.4
Adenocalymma comosum,Bignoniaceae,2,34.27,73.97,960,1.2,179.3,38.8
Adenocalymma comosum,Bignoniaceae,2,34.40,78.47,860,0.6,126,41.6
Adenocalymma comosum,Bignoniaceae,3,35.37,70.67,867,0.1,127.2,40.2
Adenocalymma comosum,Bignoniaceae,3,34.27,73.97,649,0.3,NA,41.4
Adenocalymma comosum,Bignoniaceae,3,34.40,78.47,854,0.1,NA,42
Adenocalymma comosum,Bignoniaceae,3,33.23,78.50,826,0.1,20.4,42.8
Adenocalymma comosum,Bignoniaceae,3,33.23,78.67,212,0.1,365.5,31.6
Adenocalymma comosum,Bignoniaceae,3,34.33,73.93,421,0.1,246.7,37.2
Adenocalymma comosum,Bignoniaceae,3,33.30,75.83,930,0.1,NA,33.8
Adenocalymma comosum,Bignoniaceae,3,33.80,75.93,709,0.6,585.2,34.2
Adenocalymma comosum,Bignoniaceae,4,34.40,78.47,965,0.1,NA,45.2
Adenocalymma comosum,Bignoniaceae,4,34.27,73.97,859,0.1,29.2,42.2
Adenocalymma comosum,Bignoniaceae,4,33.23,78.50,965,0.1,NA,45
Adenocalymma comosum,Bignoniaceae,4,33.23,78.67,175,0.5,NA,30.2
Adenocalymma comosum,Bignoniaceae,4,34.33,73.93,817,0.1,138.5,38.2
Adenocalymma comosum,Bignoniaceae,4,35.37,70.67,990,0.6,88.9,39.4
Adenocalymma comosum,Bignoniaceae,5,33.80,75.93,623,0.1,554.7,34.4
Adenocalymma comosum,Bignoniaceae,5,33.23,78.50,907,0.1,NA,40.2
Adenocalymma comosum,Bignoniaceae,5,35.37,70.67,947,0.4,NA,41.4
Adenocalymma comosum,Bignoniaceae,5,33.30,75.83,931,0.1,352.3,33.2
Adenocalymma comosum,Bignoniaceae,5,34.40,78.47,978,0.1,NA,41.8
Adenocalymma comosum,Bignoniaceae,5,34.33,73.93,968,0.7,130.2,38.6
Adenocalymma comosum,Bignoniaceae,5,33.23,78.67,494,0.1,NA,34
Adenocalymma comosum,Bignoniaceae,5,34.27,73.97,953,0.1,36.7,42.2
Adenocalymma comosum,Bignoniaceae,6,33.30,75.83,975,0.1,NA,35.2
Adenocalymma comosum,Bignoniaceae,6,33.23,78.50,942,0.1,NA,41
Adenocalymma comosum,Bignoniaceae,6,34.40,78.47,852,0.1,231.8,39.8
Adenocalymma comosum,Bignoniaceae,6,35.37,70.67,663,0.1,419.2,35
Adenocalymma comosum,Bignoniaceae,6,33.80,75.93,623,0.5,217.4,36
Adenocalymma comosum,Bignoniaceae,6,34.33,73.93,720,0.1,NA,32.8
Adenocalymma comosum,Bignoniaceae,6,34.27,73.97,675,0.4,NA,36.8
Adenocalymma comosum,Bignoniaceae,6,33.23,78.67,634,0.1,571.3,30.6
Adenocalymma comosum,Bignoniaceae,7,34.33,73.93,806,0.1,191.3,35.2
Adenocalymma comosum,Bignoniaceae,7,33.30,75.83,962,0.1,386.4,37.4
Adenocalymma comosum,Bignoniaceae,7,34.40,78.47,841,0.1,71,43.2
Adenocalymma comosum,Bignoniaceae,7,35.37,70.67,999,0.1,NA,40
Adenocalymma comosum,Bignoniaceae,7,33.23,78.50,869,0.1,60.4,41.2
Adenocalymma comosum,Bignoniaceae,7,33.80,75.93,1024,0.5,470.9,38.8
Adenocalymma comosum,Bignoniaceae,7,30.97,91.47,144,0.1,438.8,29.6
Adenocalymma comosum,Bignoniaceae,7,33.23,78.67,526,0.1,520.5,34.4
Adenocalymma comosum,Bignoniaceae,7,34.27,73.97,742,0.7,92.3,38.8
Adenocalymma comosum,Bignoniaceae,8,34.40,78.47,988,0.1,72.2,44.2
Adenocalymma comosum,Bignoniaceae,8,33.30,75.83,837,0.1,364.1,34.4
Adenocalymma comosum,Bignoniaceae,8,33.80,75.93,873,0.1,383,33.8
Adenocalymma comosum,Bignoniaceae,8,34.33,73.93,899,0.3,NA,38.8
Adenocalymma comosum,Bignoniaceae,8,35.37,70.67,966,0.1,253,38.2
Adenocalymma comosum,Bignoniaceae,8,33.23,78.67,340,0.1,567.5,33.4
Adenocalymma comosum,Bignoniaceae,8,33.23,78.50,934,0.1,121.4,40.8
Adenocalymma comosum,Bignoniaceae,8,30.97,91.47,218,1.3,536.5,31
Adenocalymma comosum,Bignoniaceae,8,34.27,73.97,794,0.8,NA,38.4
Bauhinia divaricata,Fabaceae,1,32.77,81.70,717,0.1,377.4,37.2
Bauhinia divaricata,Fabaceae,1,32.47,82.87,660,0.1,376.8,30.8
Bauhinia divaricata,Fabaceae,1,34.30,75.03,581,0.1,319,34.8
Bauhinia divaricata,Fabaceae,1,35.93,63.53,714,0.1,248.9,34.8
Bauhinia divaricata,Fabaceae,1,33.55,78.10,120,0.1,378.6,29.6
Bauhinia divaricata,Fabaceae,1,31.13,73.20,423,0.1,57,38.6
Bauhinia divaricata,Fabaceae,1,32.70,71.20,610,0.1,NA,36
Bauhinia divaricata,Fabaceae,2,32.70,71.20,967,0.1,305.4,38.2
Bauhinia divaricata,Fabaceae,2,35.93,63.53,600,0.1,217.4,35.4
Bauhinia divaricata,Fabaceae,2,31.13,73.20,316,0.1,NA,34.8
Bauhinia divaricata,Fabaceae,2,34.30,75.03,600,0.1,NA,36.2
Bauhinia divaricata,Fabaceae,2,33.55,78.10,122,0.1,305.9,30.2
Bauhinia divaricata,Fabaceae,2,32.77,81.70,610,0.1,284.7,31.8
Bauhinia divaricata,Fabaceae,3,33.55,78.10,125,0.1,NA,30.2
Bauhinia divaricata,Fabaceae,3,32.70,71.20,866,0.1,76.8,41.6
Bauhinia divaricata,Fabaceae,3,34.30,75.03,837,0.1,507.4,34.8
Bauhinia divaricata,Fabaceae,3,31.13,73.20,998,0.1,56.6,41.8
Bauhinia divaricata,Fabaceae,3,35.93,63.53,1011,0.1,NA,39.2
Bauhinia divaricata,Fabaceae,3,32.77,81.70,866,0.1,NA,31.6
Bauhinia divaricata,Fabaceae,4,35.93,63.53,1014,0.1,NA,40.8
Bauhinia divaricata,Fabaceae,4,31.13,73.20,968,0.1,NA,42.2
Bauhinia divaricata,Fabaceae,4,32.70,71.20,940,0.1,360.7,37.2
Bauhinia divaricata,Fabaceae,4,33.55,78.10,117,0.1,356,30
Bauhinia divaricata,Fabaceae,4,34.30,75.03,1006,0.1,NA,39.8
Bauhinia divaricata,Fabaceae,5,31.73,87.10,120,0.1,248.9,30.4
Bauhinia divaricata,Fabaceae,5,32.77,81.70,824,0.1,487.3,35.8
Bauhinia divaricata,Fabaceae,5,34.30,75.03,445,0.1,572.3,32.4
Bauhinia divaricata,Fabaceae,5,31.13,73.20,179,0.1,177.8,31.8
Bauhinia divaricata,Fabaceae,5,35.93,63.53,1006,0.1,NA,37.4
Bauhinia divaricata,Fabaceae,5,33.55,78.10,134,0.1,NA,29.8
Bauhinia divaricata,Fabaceae,5,32.70,71.20,705,0.1,NA,37.4
Bauhinia divaricata,Fabaceae,5,32.47,82.87,430,0.1,NA,29.2
Bauhinia divaricata,Fabaceae,6,32.70,71.20,737,0.1,445.3,37.6
Bauhinia divaricata,Fabaceae,6,35.93,63.53,994,0.1,401.2,42.8
Bauhinia divaricata,Fabaceae,6,32.77,81.70,576,0.1,NA,35
Bauhinia divaricata,Fabaceae,6,32.47,82.87,398,0.1,523.8,30.6
Bauhinia divaricata,Fabaceae,6,33.55,78.10,132,0.1,345.8,29.2
Bauhinia divaricata,Fabaceae,6,34.30,75.03,902,0.1,451,32.8
Bauhinia divaricata,Fabaceae,6,31.13,73.20,1000,0.1,NA,42.8
Bauhinia divaricata,Fabaceae,7,33.55,78.10,134,0.1,NA,30.2
Bauhinia divaricata,Fabaceae,7,32.70,71.20,914,0.1,NA,39.4
Bauhinia divaricata,Fabaceae,7,29.77,99.07,351,0.1,337.3,30.2
Bauhinia divaricata,Fabaceae,7,34.30,75.03,603,0.1,164.5,39.4
Bauhinia divaricata,Fabaceae,7,31.13,73.20,700,0.1,37.4,44.2
Bauhinia divaricata,Fabaceae,7,32.47,82.87,505,0.1,464,36.8
Bauhinia divaricata,Fabaceae,7,35.93,63.53,640,0.1,111.4,43.2
Bauhinia divaricata,Fabaceae,7,32.77,81.70,661,0.1,159.4,39.2
Bauhinia divaricata,Fabaceae,8,32.77,81.70,409,0.1,308,36.8
Bauhinia divaricata,Fabaceae,8,31.13,73.20,907,0.1,21,45.6
Bauhinia divaricata,Fabaceae,8,32.47,82.87,600,0.1,263.5,35.8
Bauhinia divaricata,Fabaceae,8,33.55,78.10,140,0.1,267.1,29.6
Bauhinia divaricata,Fabaceae,8,35.93,63.53,618,0.1,185.7,41.8
Bauhinia divaricata,Fabaceae,8,34.30,75.03,936,0.1,NA,38
Bauhinia divaricata,Fabaceae,8,31.73,87.10,105,0.1,300.8,30.4
Bauhinia divaricata,Fabaceae,8,32.70,71.20,930,0.1,45.3,41.8
Brunfelsia lactea,Solanaceae,1,33.93,79.43,147,0.1,279,31.8
Brunfelsia lactea,Solanaceae,1,32.87,76.20,953,0.1,100.4,41.8
Brunfelsia lactea,Solanaceae,1,33.53,83.00,925,0.1,153.8,42.8
Brunfelsia lactea,Solanaceae,1,32.10,84.80,376,0.1,53.2,35.4
Brunfelsia lactea,Solanaceae,1,32.65,85.55,968,0.1,413.5,38
Brunfelsia lactea,Solanaceae,2,32.65,85.55,940,0.1,909.9,38.6
Brunfelsia lactea,Solanaceae,2,32.97,84.53,906,0.1,400.2,38.2
Brunfelsia lactea,Solanaceae,2,32.87,76.20,1006,0.1,232.7,41.2
Brunfelsia lactea,Solanaceae,2,32.10,84.80,143,0.1,147.1,32.4
Brunfelsia lactea,Solanaceae,2,33.53,83.00,995,0.7,NA,39.2
Brunfelsia lactea,Solanaceae,3,32.65,85.55,493,0.1,497.5,34.4
Brunfelsia lactea,Solanaceae,3,32.87,76.20,682,0.1,210.3,35.6
Brunfelsia lactea,Solanaceae,3,33.53,83.00,927,0.7,175.6,36.6
Brunfelsia lactea,Solanaceae,3,32.10,84.80,134,0.1,149.3,31.6
Brunfelsia lactea,Solanaceae,3b,32.97,84.53,639,0.1,368.1,37.6
Brunfelsia lactea,Solanaceae,4,33.53,83.00,767,0.8,77,40
Brunfelsia lactea,Solanaceae,4,32.97,84.53,578,0.1,212.6,40.4
Brunfelsia lactea,Solanaceae,4,32.65,85.55,908,0.1,104.4,40.4
Brunfelsia lactea,Solanaceae,4,32.87,76.20,959,0.1,NA,40.6
Brunfelsia lactea,Solanaceae,4,32.10,84.80,325,0.1,NA,33.2
Brunfelsia lactea,Solanaceae,5,32.87,76.20,863,0.1,NA,37
Brunfelsia lactea,Solanaceae,5,32.10,84.80,183,0.1,NA,32.2
Brunfelsia lactea,Solanaceae,5,32.65,85.55,502,0.1,NA,35.4
Brunfelsia lactea,Solanaceae,5,32.97,84.53,963,0.1,NA,38.6
Brunfelsia lactea,Solanaceae,5,33.53,83.00,1005,0.1,NA,36.4
Brunfelsia lactea,Solanaceae,5,33.93,79.43,129,0.1,NA,31.8
Brunfelsia lactea,Solanaceae,6,32.65,85.55,650,0.1,445.4,36.4
Brunfelsia lactea,Solanaceae,6,32.87,76.20,911,0.1,508.2,38.6
Brunfelsia lactea,Solanaceae,6,33.53,83.00,1010,0.1,NA,40.2
Brunfelsia lactea,Solanaceae,6,33.93,79.43,100,0.1,425.7,32.2
Brunfelsia lactea,Solanaceae,6,32.97,84.53,985,0.1,367.2,39.8
Brunfelsia lactea,Solanaceae,6,32.10,84.80,255,0.1,NA,32
Brunfelsia lactea,Solanaceae,7,32.10,84.80,109,0.1,349.3,30.8
Brunfelsia lactea,Solanaceae,7,32.87,76.20,831,0.1,NA,37.6
Brunfelsia lactea,Solanaceae,7,32.97,84.53,977,0.1,410,40
Brunfelsia lactea,Solanaceae,7,32.65,85.55,937,0.1,409.4,38.8
Brunfelsia lactea,Solanaceae,7,33.53,83.00,1000,0.1,426.1,41.6
Brunfelsia lactea,Solanaceae,8,32.87,76.20,715,0.1,486.8,35.6
Brunfelsia lactea,Solanaceae,8,32.65,85.55,623,0.1,419,36.8
Brunfelsia lactea,Solanaceae,8,32.97,84.53,882,0.1,373.3,40.6
Brunfelsia lactea,Solanaceae,8,33.53,83.00,918,0.1,428.6,38
Brunfelsia lactea,Solanaceae,8,32.10,84.80,104,0.1,321.8,31
Cocculus laurifolius,Menispermaceae,1,33.20,80.47,1008,0.5,689.5,35.6
Cocculus laurifolius,Menispermaceae,1,32.73,74.43,989,0.1,563.1,39
Cocculus laurifolius,Menispermaceae,1,35.87,67.23,1015,0.1,NA,41
Cocculus laurifolius,Menispermaceae,1,32.73,81.90,111,0.1,168.5,30.8
Cocculus laurifolius,Menispermaceae,1,32.73,82.70,678,0.1,NA,39.8
Cocculus laurifolius,Menispermaceae,2,35.87,67.23,1010,0.1,403.1,38.8
Cocculus laurifolius,Menispermaceae,2,33.20,80.47,987,0.1,794.2,34.8
Cocculus laurifolius,Menispermaceae,2,32.73,81.90,915,0.1,NA,35.4
Cocculus laurifolius,Menispermaceae,2,32.73,82.70,967,0.1,456.8,38.2
Cocculus laurifolius,Menispermaceae,2,32.73,74.43,1045,0.1,540.9,40.6
Cocculus laurifolius,Menispermaceae,3,31.63,81.77,241,0.1,238.5,33
Cocculus laurifolius,Menispermaceae,3,35.87,67.23,953,0.1,364.4,41.4
Cocculus laurifolius,Menispermaceae,3,32.63,76.63,379,0.1,85,39.2
Cocculus laurifolius,Menispermaceae,3,32.73,81.90,850,0.6,46.4,40.2
Cocculus laurifolius,Menispermaceae,3,32.73,74.43,973,0.6,517,42
Cocculus laurifolius,Menispermaceae,3,32.20,78.10,118,0.1,520.1,30.6
Cocculus laurifolius,Menispermaceae,3,33.20,80.47,1024,0.1,612.3,35.4
Cocculus laurifolius,Menispermaceae,3,32.73,82.70,867,0.1,454.9,35.6
Cocculus laurifolius,Menispermaceae,4,32.20,78.10,153,0.1,NA,31.4
Cocculus laurifolius,Menispermaceae,4,33.03,78.53,104,0.4,NA,30.6
Cocculus laurifolius,Menispermaceae,4,30.67,98.30,443,0.1,167.9,36
Cocculus laurifolius,Menispermaceae,4,33.20,80.47,824,0.1,669.6,33.2
Cocculus laurifolius,Menispermaceae,4,32.73,74.43,1007,0.5,467.7,38.2
Cocculus laurifolius,Menispermaceae,4,35.87,67.23,985,0.1,379.2,38.8
Cocculus laurifolius,Menispermaceae,4,32.73,82.70,879,0.1,461.1,35.2
Cocculus laurifolius,Menispermaceae,4,32.73,81.90,982,0.1,86.2,41.2
Cocculus laurifolius,Menispermaceae,4,32.63,76.63,1005,0.1,NA,41.4
Cocculus laurifolius,Menispermaceae,5,32.63,76.63,586,0.5,214.3,37
Cocculus laurifolius,Menispermaceae,5,33.20,80.47,994,0.1,286.1,39.8
Cocculus laurifolius,Menispermaceae,5,32.73,74.43,622,0.1,262.4,40.6
Cocculus laurifolius,Menispermaceae,5,32.73,82.70,720,0.1,NA,39.2
Cocculus laurifolius,Menispermaceae,5,33.03,78.53,160,0.7,275.9,31.4
Cocculus laurifolius,Menispermaceae,5,32.20,78.10,203,0.1,357.2,31.4
Cocculus laurifolius,Menispermaceae,5,35.87,67.23,1022,0.1,NA,46.2
Cocculus laurifolius,Menispermaceae,6,32.73,74.43,1024,0.5,NA,39.8
Cocculus laurifolius,Menispermaceae,6,32.73,81.90,980,0.1,NA,42.4
Cocculus laurifolius,Menispermaceae,6,33.20,80.47,902,0.1,204.4,37
Cocculus laurifolius,Menispermaceae,6,32.73,82.70,931,0.1,NA,38.4
Cocculus laurifolius,Menispermaceae,6,32.20,78.10,952,0.4,326.9,33.6
Cocculus laurifolius,Menispermaceae,6,32.63,76.63,995,0.1,295.4,43.2
Cocculus laurifolius,Menispermaceae,6,33.03,78.53,578,0.5,NA,34
Cocculus laurifolius,Menispermaceae,6,35.87,67.23,952,0.4,150.1,42.6
Cocculus laurifolius,Menispermaceae,7,35.87,67.23,953,0.1,NA,39.2
Cocculus laurifolius,Menispermaceae,7,32.20,78.10,851,0.4,474.9,34.4
Cocculus laurifolius,Menispermaceae,7,32.73,74.43,1022,0.1,NA,39.2
Cocculus laurifolius,Menispermaceae,7,33.03,83.50,111,0.1,151.3,34.8
Cocculus laurifolius,Menispermaceae,7,32.63,76.63,910,0.1,NA,42.8
Cocculus laurifolius,Menispermaceae,7,32.73,81.90,904,0.1,150.7,34.6
Cocculus laurifolius,Menispermaceae,7,33.03,78.53,980,0.6,NA,38
Cocculus laurifolius,Menispermaceae,7,32.73,82.70,830,0.1,401.9,38.2
Cocculus laurifolius,Menispermaceae,7,33.20,80.47,683,0.1,297.3,35.4
Cocculus laurifolius,Menispermaceae,8,32.63,76.63,980,0.1,28.4,43
Cocculus laurifolius,Menispermaceae,8,33.20,80.47,765,0.1,546.7,41.6
Cocculus laurifolius,Menispermaceae,8,35.87,67.23,1009,0.1,196.8,40.8
Cocculus laurifolius,Menispermaceae,8,32.73,82.70,864,0.1,341.8,40.2
Cocculus laurifolius,Menispermaceae,8,33.03,78.53,580,0.3,403.9,34.6
Cocculus laurifolius,Menispermaceae,8,32.73,74.43,995,0.1,NA,40.8
Cocculus laurifolius,Menispermaceae,8,32.73,81.90,879,0.3,47.3,43.6
Cocculus laurifolius,Menispermaceae,8,32.20,78.10,959,0.5,NA,37.8
Combretum rotundifolium,Combretaceae,1,32.97,78.17,998,0.1,NA,47
Combretum rotundifolium,Combretaceae,1,34.97,73.53,589,0.1,NA,40
Combretum rotundifolium,Combretaceae,1,34.87,69.63,1009,0.5,201.8,42
Combretum rotundifolium,Combretaceae,1,33.00,86.20,943,0.4,NA,39.8
Combretum rotundifolium,Combretaceae,1,34.53,81.53,956,0.1,245.5,40.6
Combretum rotundifolium,Combretaceae,1,32.43,77.63,777,0.5,129.7,37
Combretum rotundifolium,Combretaceae,1,33.87,77.67,961,0.1,NA,44.4
Combretum rotundifolium,Combretaceae,1,34.05,74.45,972,0.1,158.3,39.6
Combretum rotundifolium,Combretaceae,1,35.77,67.20,989,0.1,135.5,45
Combretum rotundifolium,Combretaceae,1,32.77,74.30,959,0.4,210.7,36.2
Combretum rotundifolium,Combretaceae,2,33.87,77.67,911,0.1,NA,40.2
Combretum rotundifolium,Combretaceae,2,32.43,77.63,707,0.1,NA,39.2
Combretum rotundifolium,Combretaceae,2,32.97,78.17,997,0.1,30.7,47.6
Combretum rotundifolium,Combretaceae,2,34.97,73.53,658,0.1,170.2,36
Combretum rotundifolium,Combretaceae,2,34.87,69.63,985,0.1,220.6,41.4
Combretum rotundifolium,Combretaceae,2,34.05,74.45,931,0.6,208.3,40.6
Combretum rotundifolium,Combretaceae,2,34.53,81.53,986,0.3,NA,42
Combretum rotundifolium,Combretaceae,2,32.77,74.30,982,0.1,227.8,39
Combretum rotundifolium,Combretaceae,2,33.00,86.20,951,0.5,140,40
Combretum rotundifolium,Combretaceae,2,35.77,67.20,964,0.5,NA,39.8
Combretum rotundifolium,Combretaceae,3,32.77,74.30,850,0.1,218,38.6
Combretum rotundifolium,Combretaceae,3,32.43,77.63,160,0.3,283.6,30.6
Combretum rotundifolium,Combretaceae,3,34.87,69.63,460,0.4,184.3,40.4
Combretum rotundifolium,Combretaceae,3,33.00,86.20,817,0.3,291.2,36
Combretum rotundifolium,Combretaceae,3,34.97,73.53,722,0.4,NA,38.6
Combretum rotundifolium,Combretaceae,3,35.77,67.20,988,0.5,91.7,42.4
Combretum rotundifolium,Combretaceae,3,33.87,77.67,984,0.1,106.6,46.6
Combretum rotundifolium,Combretaceae,3,34.05,74.45,699,0.1,285.2,35
Combretum rotundifolium,Combretaceae,3,34.53,81.53,996,0.1,231.3,41.8
Combretum rotundifolium,Combretaceae,3,32.97,78.17,1004,0.1,34.8,46.8
Combretum rotundifolium,Combretaceae,4,32.97,78.17,1002,0.1,NA,45.4
Combretum rotundifolium,Combretaceae,4,33.00,86.20,942,0.6,260.4,36.4
Combretum rotundifolium,Combretaceae,4,34.87,69.63,828,0.4,252.8,40.2
Combretum rotundifolium,Combretaceae,4,35.77,67.20,989,0.1,96.3,37.8
Combretum rotundifolium,Combretaceae,4,34.05,74.45,963,0.1,NA,42.4
Combretum rotundifolium,Combretaceae,4,32.43,77.63,229,0.1,243.9,32.4
Combretum rotundifolium,Combretaceae,4,28.73,99.63,213,0.1,125,28.6
Combretum rotundifolium,Combretaceae,4,32.77,74.30,992,0.4,NA,41
Combretum rotundifolium,Combretaceae,4,34.53,81.53,972,0.4,367.2,40.4
Combretum rotundifolium,Combretaceae,4,33.87,77.67,957,0.1,NA,36.8
Combretum rotundifolium,Combretaceae,4,34.97,73.53,338,0.4,84.9,36.8
Combretum rotundifolium,Combretaceae,5,32.77,74.30,826,0.1,NA,33
Combretum rotundifolium,Combretaceae,5,35.77,67.20,830,1,NA,34
Combretum rotundifolium,Combretaceae,5,34.05,74.45,688,0.1,204.2,33.2
Combretum rotundifolium,Combretaceae,5,34.87,69.63,138,0.7,233.7,35.2
Combretum rotundifolium,Combretaceae,5,34.53,81.53,789,0.5,256.4,39
Combretum rotundifolium,Combretaceae,5,33.87,77.67,965,0.1,195.7,40
Combretum rotundifolium,Combretaceae,5,28.73,99.63,110,0.1,NA,28.2
Combretum rotundifolium,Combretaceae,5,32.97,78.17,853,0.5,NA,41.8
Combretum rotundifolium,Combretaceae,5,34.97,73.53,928,0.1,71.4,40.8
Combretum rotundifolium,Combretaceae,5,33.00,86.20,892,0.1,NA,37.2
Combretum rotundifolium,Combretaceae,5,32.43,77.63,130,0.1,303.6,30.4
Combretum rotundifolium,Combretaceae,6,33.00,86.20,945,0.8,NA,37
Combretum rotundifolium,Combretaceae,6,32.97,78.17,991,0.5,214.1,39.2
Combretum rotundifolium,Combretaceae,6,33.87,77.67,846,0.1,205.5,37.4
Combretum rotundifolium,Combretaceae,6,34.97,73.53,620,0.6,NA,35.4
Combretum rotundifolium,Combretaceae,6,32.77,74.30,783,0.4,136.9,38.6
Combretum rotundifolium,Combretaceae,6,34.87,69.63,996,0.5,162.8,40.8
Combretum rotundifolium,Combretaceae,6,34.05,74.45,969,0.1,182.7,40.6
Combretum rotundifolium,Combretaceae,6,32.43,77.63,237,0.1,212.2,31.6
Combretum rotundifolium,Combretaceae,6,35.77,67.20,935,0.1,156.2,36.8
Combretum rotundifolium,Combretaceae,6,34.53,81.53,963,0.5,NA,38.6
Combretum rotundifolium,Combretaceae,7,32.77,74.30,475,0.5,NA,32.6
Combretum rotundifolium,Combretaceae,7,33.87,77.67,936,0.1,102.7,44.2
Combretum rotundifolium,Combretaceae,7,33.00,86.20,983,0.4,223.8,40
Combretum rotundifolium,Combretaceae,7,35.77,67.20,935,0.2,NA,41.4
Combretum rotundifolium,Combretaceae,7,34.87,69.63,761,0.6,207.5,41.6
Combretum rotundifolium,Combretaceae,7,34.53,81.53,929,0.1,481.1,40
Combretum rotundifolium,Combretaceae,7,34.05,74.45,875,0.8,NA,34.6
Combretum rotundifolium,Combretaceae,7,32.97,78.17,901,0.1,175.2,46.2
Combretum rotundifolium,Combretaceae,7,34.97,73.53,971,0.4,119.5,41
Combretum rotundifolium,Combretaceae,7,32.43,77.63,190,0.1,NA,32.2
Combretum rotundifolium,Combretaceae,8,34.87,69.63,969,0.5,73.6,44
Combretum rotundifolium,Combretaceae,8,33.00,86.20,966,0.1,32.3,41.2
Combretum rotundifolium,Combretaceae,8,32.43,77.63,197,0.3,NA,31.2
Combretum rotundifolium,Combretaceae,8,34.05,74.45,510,0.5,NA,33.2
Combretum rotundifolium,Combretaceae,8,35.77,67.20,760,0.7,162.6,35
Combretum rotundifolium,Combretaceae,8,32.97,78.17,935,0.1,31.3,46
Combretum rotundifolium,Combretaceae,8,34.53,81.53,996,0.1,226.5,45
Combretum rotundifolium,Combretaceae,8,33.87,77.67,681,0.2,112.5,35.6
Combretum rotundifolium,Combretaceae,8,34.97,73.53,346,0.5,70.1,32.8
Cordia goeldiana,Boraginaceae,1,32.43,81.97,923,0.4,964.8,30.4
Cordia goeldiana,Boraginaceae,1,32.53,76.17,843,0.1,NA,32.2
Cordia goeldiana,Boraginaceae,1,31.80,84.77,872,0.8,NA,31
Cordia goeldiana,Boraginaceae,1,31.73,81.30,666,0.5,886.7,31.8
Cordia goeldiana,Boraginaceae,2,31.73,81.30,984,0.7,807.4,32.4
Cordia goeldiana,Boraginaceae,2,31.80,84.77,878,1.7,846.9,29.2
Cordia goeldiana,Boraginaceae,2,32.43,81.97,979,0.9,555.1,31.8
Cordia goeldiana,Boraginaceae,2,32.53,76.17,952,0.1,1127,34.2
Cordia goeldiana,Boraginaceae,3,32.53,76.17,702,0.1,1224.7,35.2
Cordia goeldiana,Boraginaceae,3,31.73,81.30,455,0.8,NA,33.3
Cordia goeldiana,Boraginaceae,3,30.90,83.07,130,0.5,597.7,29.2
Cordia goeldiana,Boraginaceae,3,31.80,84.77,999,0.4,1099.1,33
Cordia goeldiana,Boraginaceae,3,32.43,81.97,460,0.5,NA,33
Cordia goeldiana,Boraginaceae,4,32.43,81.97,988,0.7,869.1,33.4
Cordia goeldiana,Boraginaceae,4,31.80,84.77,1000,0.1,1004.8,35.6
Cordia goeldiana,Boraginaceae,4,32.53,76.17,763,0.1,NA,33.4
Cordia goeldiana,Boraginaceae,4,31.73,81.30,696,0.5,924,31.6
Cordia goeldiana,Boraginaceae,5,32.43,81.97,940,0.6,NA,32.4
Cordia goeldiana,Boraginaceae,5,32.53,76.17,834,0.4,1289.3,33.6
Cordia goeldiana,Boraginaceae,5,31.73,81.30,983,0.9,951.6,31.2
Cordia goeldiana,Boraginaceae,5,31.80,84.77,687,0.6,NA,31
Cordia goeldiana,Boraginaceae,6,31.80,84.77,1006,0.8,941.5,31.2
Cordia goeldiana,Boraginaceae,6,32.43,81.97,960,0.7,944.4,32.6
Cordia goeldiana,Boraginaceae,6,32.53,76.17,833,0.4,1310,34
Cordia goeldiana,Boraginaceae,6,31.73,81.30,615,1,1193.8,31.2
Cordia goeldiana,Boraginaceae,7,31.80,84.77,900,1,NA,32.6
Cordia goeldiana,Boraginaceae,7,32.53,76.17,980,0.1,1255.1,32.2
Cordia goeldiana,Boraginaceae,7,30.07,88.57,101,0.1,NA,29.2
Cordia goeldiana,Boraginaceae,7,31.73,81.30,1002,1.3,970.1,33.4
Cordia goeldiana,Boraginaceae,7,32.43,81.97,968,1.3,NA,31
Cordia goeldiana,Boraginaceae,8,31.80,84.77,503,0.8,787.7,32.6
Cordia goeldiana,Boraginaceae,8,32.53,76.17,938,0.4,NA,33.4
Cordia goeldiana,Boraginaceae,8,32.43,81.97,981,0.7,1034.2,32.2
Cordia goeldiana,Boraginaceae,8,31.73,81.30,542,1.1,983.9,30.2
Cryptostegia grandiflora,Apocynaceae,1,32.53,95.10,405,0.1,765.6,36.1
Cryptostegia grandiflora,Apocynaceae,1,34.13,82.97,956,0.1,32.3,45.2
Cryptostegia grandiflora,Apocynaceae,1,31.40,88.77,545,0.1,254,36
Cryptostegia grandiflora,Apocynaceae,1,33.93,83.30,733,0.1,590,37
Cryptostegia grandiflora,Apocynaceae,1,32.40,90.43,576,0.1,NA,37.4
Cryptostegia grandiflora,Apocynaceae,1,32.73,88.60,815,0.1,NA,37
Cryptostegia grandiflora,Apocynaceae,1,33.50,86.43,921,0.1,NA,48.2
Cryptostegia grandiflora,Apocynaceae,1,30.60,97.77,471,0.1,NA,34.4
Cryptostegia grandiflora,Apocynaceae,1,32.73,89.97,160,0.1,116.6,33.8
Cryptostegia grandiflora,Apocynaceae,2,33.93,83.30,1007,0.1,54,47.2
Cryptostegia grandiflora,Apocynaceae,2,33.50,86.43,964,0.1,62.5,48.2
Cryptostegia grandiflora,Apocynaceae,2,31.40,88.77,698,0.1,58.7,42
Cryptostegia grandiflora,Apocynaceae,2,32.53,95.10,846,0.1,979.3,39.6
Cryptostegia grandiflora,Apocynaceae,2,32.73,88.60,994,0.1,NA,47.8
Cryptostegia grandiflora,Apocynaceae,2,34.13,82.97,988,0.1,43.8,47.2
Cryptostegia grandiflora,Apocynaceae,2,32.40,90.43,952,0.1,32.5,45.4
Cryptostegia grandiflora,Apocynaceae,2,30.60,97.77,453,0.1,434.3,33.6
Cryptostegia grandiflora,Apocynaceae,3,33.93,83.30,939,0.1,NA,39.8
Cryptostegia grandiflora,Apocynaceae,3,31.40,88.77,734,0.1,NA,37.8
Cryptostegia grandiflora,Apocynaceae,3,32.53,95.10,602,0.1,736.1,36.8
Cryptostegia grandiflora,Apocynaceae,3,32.73,88.60,905,0.1,572.9,40.2
Cryptostegia grandiflora,Apocynaceae,3,30.60,97.77,514,0.1,300.3,31.2
Cryptostegia grandiflora,Apocynaceae,3,34.13,82.97,1005,0.1,46.4,44.6
Cryptostegia grandiflora,Apocynaceae,3,32.40,90.43,844,0.1,NA,39.6
Cryptostegia grandiflora,Apocynaceae,3,33.50,86.43,942,0.1,135,45
Cryptostegia grandiflora,Apocynaceae,4,33.93,83.30,650,0.1,773.2,35.6
Cryptostegia grandiflora,Apocynaceae,4,34.13,82.97,771,0.1,NA,38.8
Cryptostegia grandiflora,Apocynaceae,4,32.73,88.60,688,0.1,700.7,34.6
Cryptostegia grandiflora,Apocynaceae,4,31.40,88.77,709,0.1,299.2,36.2
Cryptostegia grandiflora,Apocynaceae,4,32.53,95.10,462,0.1,506.3,37.4
Cryptostegia grandiflora,Apocynaceae,4,32.40,90.43,730,0.1,294.9,35.2
Cryptostegia grandiflora,Apocynaceae,4,30.60,97.77,556,0.1,224.8,31.8
Cryptostegia grandiflora,Apocynaceae,4,33.50,86.43,661,0.1,392.6,41.2
Cryptostegia grandiflora,Apocynaceae,5,33.93,83.30,995,0.1,446.8,41.6
Cryptostegia grandiflora,Apocynaceae,5,34.13,82.97,109,0.1,293.5,33.2
Cryptostegia grandiflora,Apocynaceae,5,32.40,90.43,972,0.1,NA,41.2
Cryptostegia grandiflora,Apocynaceae,5,31.40,88.77,923,0.1,246.5,41.6
Cryptostegia grandiflora,Apocynaceae,5,32.53,95.10,966,0.1,423.8,41.2
Cryptostegia grandiflora,Apocynaceae,5,32.73,88.60,910,0.1,263.9,40.4
Cryptostegia grandiflora,Apocynaceae,5,30.60,97.77,657,0.1,211.7,35.4
Cryptostegia grandiflora,Apocynaceae,5,33.50,86.43,928,0.1,117.3,47.2
Cryptostegia grandiflora,Apocynaceae,6,31.40,88.77,855,0.1,NA,38
Cryptostegia grandiflora,Apocynaceae,6,34.13,82.97,641,0.1,NA,36.8
Cryptostegia grandiflora,Apocynaceae,6,32.40,90.43,974,0.1,722.7,38.2
Cryptostegia grandiflora,Apocynaceae,6,32.53,95.10,969,0.1,686,41.8
Cryptostegia grandiflora,Apocynaceae,6,32.73,88.60,921,0.1,741.3,39.4
Cryptostegia grandiflora,Apocynaceae,6,30.60,97.77,760,0.1,468.6,35.6
Cryptostegia grandiflora,Apocynaceae,6,33.93,83.30,972,0.1,NA,38.6
Cryptostegia grandiflora,Apocynaceae,6,33.50,86.43,948,0.1,NA,46.2
Cryptostegia grandiflora,Apocynaceae,7,30.60,97.77,409,0.1,NA,34.2
Cryptostegia grandiflora,Apocynaceae,7,33.93,83.30,828,0.1,440.1,41.2
Cryptostegia grandiflora,Apocynaceae,7,32.53,95.10,930,0.1,730.9,40.8
Cryptostegia grandiflora,Apocynaceae,7,31.40,88.77,662,0.1,536.3,38.4
Cryptostegia grandiflora,Apocynaceae,7,33.50,86.43,120,0.1,424.4,34.6
Cryptostegia grandiflora,Apocynaceae,7,32.40,90.43,735,0.1,492.3,38.2
Cryptostegia grandiflora,Apocynaceae,7,32.73,88.60,155,0.1,NA,33.6
Eugenia coronata,Myrtaceae,1,32.73,80.17,1008,0.1,195.9,43.2
Eugenia coronata,Myrtaceae,1,32.70,77.70,458,0.1,358.9,36.8
Eugenia coronata,Myrtaceae,1,33.20,74.33,999,0.1,167.7,42.2
Eugenia coronata,Myrtaceae,1,34.57,69.70,988,0.1,149.6,43.2
Eugenia coronata,Myrtaceae,1,34.03,80.03,996,0.1,501.8,36.8
Eugenia coronata,Myrtaceae,1,33.27,76.10,635,0.1,NA,30.4
Eugenia coronata,Myrtaceae,1,32.73,88.57,871,0.1,239.5,41.2
Eugenia coronata,Myrtaceae,2,32.73,80.17,1001,0.1,180.6,39.6
Eugenia coronata,Myrtaceae,2,32.73,88.57,943,0.1,NA,43
Eugenia coronata,Myrtaceae,2,34.57,69.70,973,0.1,198.2,41.8
Eugenia coronata,Myrtaceae,2,33.20,74.33,993,0.1,141,41.8
Eugenia coronata,Myrtaceae,2,33.27,76.10,479,0.1,571.6,32.8
Eugenia coronata,Myrtaceae,2,34.03,80.03,975,0.1,419,36.6
Eugenia coronata,Myrtaceae,3,33.20,74.33,946,0.1,NA,43.8
Eugenia coronata,Myrtaceae,3,34.03,80.03,667,0.1,NA,38
Eugenia coronata,Myrtaceae,3,33.27,76.10,609,0.1,580,35.2
Eugenia coronata,Myrtaceae,3,32.73,88.57,668,0.1,463.3,40.8
Eugenia coronata,Myrtaceae,3,34.57,69.70,794,0.1,NA,44.4
Eugenia coronata,Myrtaceae,3,32.73,80.17,755,0.1,107.1,43.4
Eugenia coronata,Myrtaceae,4,33.20,74.33,1014,0.1,229.8,41.8
Eugenia coronata,Myrtaceae,4,32.73,80.17,931,0.1,90.9,42.6
Eugenia coronata,Myrtaceae,4,33.27,76.10,935,0.1,296.7,37.2
Eugenia coronata,Myrtaceae,4,34.57,69.70,904,0.1,68.6,40.4
Eugenia coronata,Myrtaceae,4,34.03,80.03,768,0.1,73.8,39.6
Eugenia coronata,Myrtaceae,4,32.73,88.57,917,0.1,183.5,43.8
Eugenia coronata,Myrtaceae,5,32.73,80.17,691,0.1,221,39.6
Eugenia coronata,Myrtaceae,5,33.20,74.33,714,0.1,NA,38.6
Eugenia coronata,Myrtaceae,5,34.57,69.70,719,0.1,NA,41.4
Eugenia coronata,Myrtaceae,5,33.27,76.10,130,0.1,NA,32.6
Eugenia coronata,Myrtaceae,5,34.03,80.03,951,0.1,245.7,40.2
Eugenia coronata,Myrtaceae,5,32.73,88.57,922,0.1,NA,39
Eugenia coronata,Myrtaceae,6,32.73,88.57,908,0.1,365.3,33.8
Eugenia coronata,Myrtaceae,6,32.73,80.17,883,0.1,84.1,41.8
Eugenia coronata,Myrtaceae,6,34.03,80.03,938,0.1,347.3,40
Eugenia coronata,Myrtaceae,6,34.57,69.70,877,0.1,NA,43.6
Eugenia coronata,Myrtaceae,6,33.20,74.33,973,0.1,93,40.8
Eugenia coronata,Myrtaceae,7,32.73,80.17,1001,0.1,153.1,41.6
Eugenia coronata,Myrtaceae,7,33.20,74.33,685,0.1,NA,38.2
Eugenia coronata,Myrtaceae,7,34.57,69.70,880,0.1,173.4,41.6
Eugenia coronata,Myrtaceae,8,34.57,69.70,700,0.1,63.3,42.8
Eugenia coronata,Myrtaceae,8,32.73,80.17,909,0.1,223.6,40.6
Eugenia coronata,Myrtaceae,8,33.20,74.33,746,0.1,266.5,34.2
Forestiera segregata,Oleaceae,1,34.13,78.10,645,0.1,729.8,33.4
Forestiera segregata,Oleaceae,1,33.10,81.50,929,0.1,821.8,32
Forestiera segregata,Oleaceae,1,34.23,64.97,970,0.1,891.1,31.6
Forestiera segregata,Oleaceae,1,33.95,84.50,216,0.1,577.6,30.6
Forestiera segregata,Oleaceae,1,33.43,81.23,240,0.1,535,29.4
Forestiera segregata,Oleaceae,1,35.07,72.70,964,0.1,719.3,33.4
Forestiera segregata,Oleaceae,1,34.93,74.23,908,0.1,NA,32.2
Forestiera segregata,Oleaceae,1,32.87,74.00,754,0.1,749.4,30
Forestiera segregata,Oleaceae,1,33.70,78.93,822,0.1,783.2,34.8
Forestiera segregata,Oleaceae,1,35.63,68.17,964,0.1,656.5,33
Forestiera segregata,Oleaceae,2,33.43,81.23,119,0.1,579.1,32
Forestiera segregata,Oleaceae,2,33.70,78.93,666,0.1,735.7,35.4
Forestiera segregata,Oleaceae,2,32.87,74.00,794,0.1,811.2,33.2
Forestiera segregata,Oleaceae,2,34.93,74.23,986,0.1,810,34.6
Forestiera segregata,Oleaceae,2,34.13,78.10,444,0.2,858.5,33.2
Forestiera segregata,Oleaceae,2,34.23,64.97,924,0.1,765.4,35.4
Forestiera segregata,Oleaceae,2,35.07,72.70,955,0.1,916,36.2
Forestiera segregata,Oleaceae,2,33.10,81.50,899,0.1,834,34.2
Forestiera segregata,Oleaceae,2,35.63,68.17,361,0.1,729,34.6
Forestiera segregata,Oleaceae,2,33.95,84.50,965,0.1,620,34.2
Forestiera segregata,Oleaceae,3,33.70,78.93,494,0.1,755.5,35.6
Forestiera segregata,Oleaceae,3,33.10,81.50,931,0.1,NA,36.2
Forestiera segregata,Oleaceae,3,NA,NA,333,0.3,NA,33.2
Forestiera segregata,Oleaceae,3,34.23,64.97,520,0.1,NA,36.4
Forestiera segregata,Oleaceae,3,31.97,84.73,130,0.1,NA,31.8
Forestiera segregata,Oleaceae,3,33.43,81.23,313,0.1,NA,31.2
Forestiera segregata,Oleaceae,3,32.87,74.00,990,0.1,NA,34.4
Forestiera segregata,Oleaceae,3,34.13,78.10,868,0.1,721.8,36.2
Forestiera segregata,Oleaceae,3,34.93,74.23,963,0.5,NA,32.2
Forestiera segregata,Oleaceae,3,35.63,68.17,446,0.1,NA,35
Forestiera segregata,Oleaceae,3,35.07,72.70,516,0.1,NA,36.2
Forestiera segregata,Oleaceae,4,34.23,64.97,836,0.1,631.6,33.8
Forestiera segregata,Oleaceae,4,34.93,74.23,1010,0.1,459.1,33.4
Forestiera segregata,Oleaceae,4,33.70,78.93,872,0.1,791,33.8
Forestiera segregata,Oleaceae,4,35.07,72.70,972,0.1,NA,35.4
Forestiera segregata,Oleaceae,4,33.43,81.23,329,0.1,522.6,31.6
Forestiera segregata,Oleaceae,4,32.77,74.53,170,0.1,529.1,30.6
Forestiera segregata,Oleaceae,4,35.63,68.17,730,0.1,610.2,33.4
Forestiera segregata,Oleaceae,4,33.10,81.50,1002,0.1,667.2,33.8
Forestiera segregata,Oleaceae,4,32.87,74.00,987,0.1,737.1,32.2
Forestiera segregata,Oleaceae,4,34.13,78.10,995,0.1,860.2,31.4
Forestiera segregata,Oleaceae,4,31.97,84.73,145,0.1,NA,31.2
Forestiera segregata,Oleaceae,4,33.95,84.50,509,0.2,604,32.4
Forestiera segregata,Oleaceae,5,34.23,64.97,843,0.1,615.9,33.6
Forestiera segregata,Oleaceae,5,33.10,81.50,876,0.1,NA,36.6
Forestiera segregata,Oleaceae,5,35.63,68.17,775,0.1,617,34.4
Forestiera segregata,Oleaceae,5,34.93,74.23,790,0.1,549.8,32.4
Forestiera segregata,Oleaceae,5,35.07,72.70,832,0.1,762.9,37.2
Forestiera segregata,Oleaceae,5,32.87,74.00,726,0.5,662.7,29.4
Forestiera segregata,Oleaceae,5,34.13,78.10,855,0.1,879,32.5
Forestiera segregata,Oleaceae,5,33.95,84.50,102,0.3,463.5,32.4
Forestiera segregata,Oleaceae,5,33.70,78.93,812,0.1,NA,34.8
Forestiera segregata,Oleaceae,6,35.63,68.17,965,0.1,NA,34.6
Forestiera segregata,Oleaceae,6,33.10,81.50,843,0.1,842.8,31.8
Forestiera segregata,Oleaceae,6,35.07,72.70,986,0.1,577,35.2
Forestiera segregata,Oleaceae,6,34.93,74.23,253,0.1,650.6,31.8
Forestiera segregata,Oleaceae,6,33.70,78.93,932,0.1,NA,35
Forestiera segregata,Oleaceae,6,34.13,78.10,151,0.1,845.1,31.2
Forestiera segregata,Oleaceae,6,34.23,64.97,965,0.3,NA,33.2
Forestiera segregata,Oleaceae,7,34.93,74.23,521,0.1,612.6,32.4
Forestiera segregata,Oleaceae,7,35.07,72.70,990,0.1,855.5,36.2
Forestiera segregata,Oleaceae,7,35.63,68.17,976,0.1,617.4,34.7
Forestiera segregata,Oleaceae,7,33.70,78.93,948,0.6,759.2,33.6
Forestiera segregata,Oleaceae,7,34.13,78.10,265,0.1,821,31.6
Forestiera segregata,Oleaceae,7,32.77,74.53,329,0.1,NA,30.4
Forestiera segregata,Oleaceae,7,33.10,81.50,1000,0.1,911.3,33.6
Forestiera segregata,Oleaceae,7,34.23,64.97,955,0.1,350.2,33
Galphimia gracilis,Malpighiaceae,1,35.57,67.97,767,0.1,116.9,37.8
Galphimia gracilis,Malpighiaceae,1,34.63,81.87,976,0.1,223.2,34.8
Galphimia gracilis,Malpighiaceae,1,35.17,72.93,991,0.1,201,36.8
Galphimia gracilis,Malpighiaceae,1,34.07,86.27,272,0.1,279.7,30.8
Galphimia gracilis,Malpighiaceae,1,34.00,88.93,790,0.1,236.1,32.4
Galphimia gracilis,Malpighiaceae,1,35.37,64.70,538,0.3,458.5,34.6
Galphimia gracilis,Malpighiaceae,1,33.57,79.37,961,0.1,638,32.2
Galphimia gracilis,Malpighiaceae,2,34.63,81.87,725,0.1,1113.8,31.2
Galphimia gracilis,Malpighiaceae,2,35.57,67.97,962,0.1,690,34.8
Galphimia gracilis,Malpighiaceae,2,34.00,88.93,165,0.4,722.7,31.6
Galphimia gracilis,Malpighiaceae,2,35.17,72.93,969,0.1,727.1,35.6
Galphimia gracilis,Malpighiaceae,2,34.07,86.27,179,0.1,697.6,30.8
Galphimia gracilis,Malpighiaceae,2,35.37,64.70,597,0.1,568.2,34.2
Galphimia gracilis,Malpighiaceae,2,33.57,79.37,626,0.1,1029.7,31.4
Galphimia gracilis,Malpighiaceae,3,35.57,67.97,858,0.1,253.5,34.2
Galphimia gracilis,Malpighiaceae,3,34.63,81.87,744,0.1,747.2,32.2
Galphimia gracilis,Malpighiaceae,3,35.37,64.70,1010,0.1,615.2,34.4
Galphimia gracilis,Malpighiaceae,3,35.17,72.93,980,0.1,587.8,33
Galphimia gracilis,Malpighiaceae,3,33.57,79.37,694,0.1,1042.9,34
Galphimia gracilis,Malpighiaceae,3,34.00,88.93,796,0.1,893.1,31.2
Galphimia gracilis,Malpighiaceae,3,34.07,86.27,693,0.1,865.2,29.6
Galphimia gracilis,Malpighiaceae,4,35.37,64.70,546,0.1,521.9,33
Galphimia gracilis,Malpighiaceae,4,35.57,67.97,422,0.1,410.5,34
Galphimia gracilis,Malpighiaceae,4,33.57,79.37,806,0.1,730.3,34
Galphimia gracilis,Malpighiaceae,4,35.17,72.93,500,0.1,791.3,35.4
Galphimia gracilis,Malpighiaceae,4,34.00,88.93,620,0.1,618.2,33.8
Galphimia gracilis,Malpighiaceae,4,34.07,86.27,740,0.1,658.5,33
Galphimia gracilis,Malpighiaceae,4,34.63,81.87,661,0.1,751.6,32.8
Galphimia gracilis,Malpighiaceae,5,34.07,86.27,431,0.5,477.7,31
Galphimia gracilis,Malpighiaceae,5,35.17,72.93,1014,0.1,431.6,37.2
Galphimia gracilis,Malpighiaceae,5,35.37,64.70,1003,0.1,731.6,37
Galphimia gracilis,Malpighiaceae,5,34.00,88.93,409,0.1,764.7,31.6
Galphimia gracilis,Malpighiaceae,5,33.57,79.37,431,0.1,935.7,32.2
Galphimia gracilis,Malpighiaceae,5,35.57,67.97,840,0.1,389.2,35.4
Galphimia gracilis,Malpighiaceae,5,34.63,81.87,744,0.1,566.6,36.8
Gardenia taitensis,Rubiaceae,1,35.83,70.03,1039,0.6,23.5,42.8
Gardenia taitensis,Rubiaceae,1,32.17,79.97,179,0.1,143.8,30.6
Gardenia taitensis,Rubiaceae,1,34.10,78.17,1011,0.1,19.1,46.8
Gardenia taitensis,Rubiaceae,1,34.87,70.57,1012,0.1,61.9,46.6
Gardenia taitensis,Rubiaceae,1,32.60,80.80,104,0.3,NA,31.2
Gardenia taitensis,Rubiaceae,1,32.37,88.93,586,0.1,61.3,39.8
Gardenia taitensis,Rubiaceae,1,33.20,81.17,974,0.1,93.8,38
Gardenia taitensis,Rubiaceae,1,34.17,77.60,121,0.1,29.1,33.2
Gardenia taitensis,Rubiaceae,1,32.93,83.50,133,0.1,50.3,31.6
Gardenia taitensis,Rubiaceae,1,33.40,82.27,152,0.1,110.2,34
Gardenia taitensis,Rubiaceae,2,32.37,88.93,203,0.1,47,32.6
Gardenia taitensis,Rubiaceae,2,35.83,70.03,1032,0.1,18.3,43.8
Gardenia taitensis,Rubiaceae,2,33.20,81.17,643,0.1,62.8,37.4
Gardenia taitensis,Rubiaceae,2,30.77,97.80,557,0.1,70.8,34
Gardenia taitensis,Rubiaceae,2,34.87,70.57,1022,0.4,NA,44.4
Gardenia taitensis,Rubiaceae,2,33.40,82.27,117,0.3,68.8,32.4
Gardenia taitensis,Rubiaceae,2,34.17,77.60,521,0.1,NA,33.4
Gardenia taitensis,Rubiaceae,2,32.93,83.50,124,0.3,35.2,32.8
Gardenia taitensis,Rubiaceae,2,34.10,78.17,827,0.1,NA,35.8
Gardenia taitensis,Rubiaceae,2,32.17,79.97,180,0.1,84.3,31.2
Gardenia taitensis,Rubiaceae,3,30.77,97.80,207,0.1,NA,29.8
Gardenia taitensis,Rubiaceae,3,35.83,70.03,1016,0.1,102.6,41
Gardenia taitensis,Rubiaceae,3,34.10,78.17,484,0.1,150.3,34.6
Gardenia taitensis,Rubiaceae,3,32.60,80.80,100,0.5,147,31.8
Gardenia taitensis,Rubiaceae,3,33.20,81.17,528,0.8,171.2,35.8
Gardenia taitensis,Rubiaceae,3,32.17,79.97,129,0.1,NA,33
Gardenia taitensis,Rubiaceae,3,34.87,70.57,130,0.1,245.3,32.6
Gardenia taitensis,Rubiaceae,3,32.93,83.50,100,0.1,100.8,31
Gardenia taitensis,Rubiaceae,3,34.17,77.60,106,0.1,42.6,32.8
Gardenia taitensis,Rubiaceae,3,33.40,82.27,100,0.1,152.1,32.2
Gardenia taitensis,Rubiaceae,4,35.83,70.03,708,0.1,330,36.8
Gardenia taitensis,Rubiaceae,4,32.37,88.93,100,0.1,223.4,32.6
Gardenia taitensis,Rubiaceae,4,32.17,79.97,176,0.1,248.5,32.6
Gardenia taitensis,Rubiaceae,4,33.20,81.17,292,0.1,NA,34.2
Gardenia taitensis,Rubiaceae,4,34.87,70.57,678,0.9,324.1,35
Gardenia taitensis,Rubiaceae,4,33.40,82.27,106,0.1,NA,33.8
Gardenia taitensis,Rubiaceae,4,30.77,97.80,270,0.1,229.7,37.2
Gardenia taitensis,Rubiaceae,4,34.10,78.17,249,0.1,NA,33.8
Gardenia taitensis,Rubiaceae,4,34.17,77.60,509,0.6,120.8,32.6
Gardenia taitensis,Rubiaceae,5,34.10,78.17,732,0.7,345.1,39.4
Gardenia taitensis,Rubiaceae,5,30.77,97.80,128,0.1,218.2,33
Gardenia taitensis,Rubiaceae,5,34.17,77.60,810,0.4,NA,35.4
Gardenia taitensis,Rubiaceae,5,32.93,83.50,102,0.1,NA,31.6
Gardenia taitensis,Rubiaceae,5,34.87,70.57,901,0.6,NA,39.4
Gardenia taitensis,Rubiaceae,5,32.45,72.25,503,0.1,NA,33.2
Gardenia taitensis,Rubiaceae,5,35.83,70.03,1014,0.1,282,39
Gardenia taitensis,Rubiaceae,5,33.20,81.17,565,0.6,427.3,33.6
Gardenia taitensis,Rubiaceae,5,32.17,79.97,192,0.1,NA,32.4
Gardenia taitensis,Rubiaceae,6,34.10,78.17,1000,0.1,76.2,41.2
Gardenia taitensis,Rubiaceae,6,34.87,70.57,1009,0.1,71.3,45
Gardenia taitensis,Rubiaceae,6,32.17,79.97,184,0.1,117.1,32.8
Gardenia taitensis,Rubiaceae,6,32.93,83.50,112,0.1,54.9,30.6
Gardenia taitensis,Rubiaceae,6,34.17,77.60,985,0.1,84.3,41.8
Gardenia taitensis,Rubiaceae,6,33.40,82.27,611,0.1,44.4,38.8
Gardenia taitensis,Rubiaceae,6,32.45,72.25,880,0.1,46.6,41.6
Gardenia taitensis,Rubiaceae,6,35.83,70.03,988,0.1,55.1,42.8
Gardenia taitensis,Rubiaceae,6,33.20,81.17,880,0.7,36.5,37
Gardenia taitensis,Rubiaceae,7,34.17,77.60,993,0.3,98.1,42.6
Gardenia taitensis,Rubiaceae,7,32.17,79.97,186,0.1,135.8,32.2
Gardenia taitensis,Rubiaceae,7,33.20,81.17,987,0.9,191.2,40.6
Gardenia taitensis,Rubiaceae,7,33.40,82.27,782,0.3,143.7,40
Gardenia taitensis,Rubiaceae,7,32.93,83.50,117,0.6,NA,31.4
Gardenia taitensis,Rubiaceae,7,35.83,70.03,1006,0.4,27,45.8
Gardenia taitensis,Rubiaceae,7,32.45,72.25,763,0.1,38.7,46.2
Gardenia taitensis,Rubiaceae,7,34.10,78.17,1004,0.1,73.3,42.6
Gardenia taitensis,Rubiaceae,7,34.87,70.57,1015,0.9,81,42.6
Ginoria glabra,Lythraceae,1,32.35,84.95,379,0.1,563.9,31.2
Ginoria glabra,Lythraceae,1,33.77,83.80,655,0.1,NA,36
Ginoria glabra,Lythraceae,1,33.33,86.73,816,0.1,597.9,34.6
Ginoria glabra,Lythraceae,1,33.47,77.40,770,0.7,NA,34.2
Ginoria glabra,Lythraceae,1,32.55,82.35,310,0.1,NA,34.6
Ginoria glabra,Lythraceae,1,34.07,86.13,995,0.1,540.1,35
Ginoria glabra,Lythraceae,1,33.77,80.60,614,0.2,627.1,32.8
Ginoria glabra,Lythraceae,1,34.07,83.27,846,0.1,NA,34
Ginoria glabra,Lythraceae,1,34.60,75.90,365,0.1,300.8,32.8
Ginoria glabra,Lythraceae,1,33.73,91.77,868,0.1,648.3,30.2
Ginoria glabra,Lythraceae,1,33.77,85.90,910,0.1,NA,37.8
Ginoria glabra,Lythraceae,2,34.07,83.27,548,0.1,657,35.2
Ginoria glabra,Lythraceae,2,33.77,83.80,845,0.1,459.3,33.6
Ginoria glabra,Lythraceae,2,32.35,84.95,305,0.1,599.2,30.8
Ginoria glabra,Lythraceae,2,33.33,86.73,494,0.1,NA,36.2
Ginoria glabra,Lythraceae,2,33.77,85.90,768,0.1,567,36.6
Ginoria glabra,Lythraceae,2,33.77,80.60,265,0.4,789.9,33.4
Ginoria glabra,Lythraceae,2,33.47,77.40,457,0.4,576.2,33.8
Ginoria glabra,Lythraceae,2,32.55,82.35,163,0.1,NA,34
Ginoria glabra,Lythraceae,2,34.60,75.90,600,0.1,319.5,34.8
Ginoria glabra,Lythraceae,2,33.73,91.77,725,0.1,711.4,30.6
Ginoria glabra,Lythraceae,3,33.77,80.60,945,0.5,328.3,35.2
Ginoria glabra,Lythraceae,3,33.33,86.73,972,0.7,331.5,35.4
Ginoria glabra,Lythraceae,3,34.07,86.13,991,0.1,518.2,35.2
Ginoria glabra,Lythraceae,3,34.07,83.27,939,0.1,377.6,37.2
Ginoria glabra,Lythraceae,3,34.60,75.90,504,0.8,158.6,34.4
Ginoria glabra,Lythraceae,3,33.73,91.77,720,0.1,655.6,32.4
Ginoria glabra,Lythraceae,3,33.47,77.40,600,0.1,478.2,37
Ginoria glabra,Lythraceae,3,33.77,85.90,931,0.1,254.5,40.4
Ginoria glabra,Lythraceae,3,32.35,84.95,175,0.1,658.4,30.6
Ginoria glabra,Lythraceae,3,33.77,83.80,1010,0.1,NA,38
Ginoria glabra,Lythraceae,3,32.55,82.35,630,0.1,220.1,38.6
Ginoria glabra,Lythraceae,4,33.77,85.90,934,0.1,NA,36.2
Ginoria glabra,Lythraceae,4,34.07,83.27,923,0.1,NA,36.8
Ginoria glabra,Lythraceae,4,33.33,86.73,889,0.7,666.2,33.6
Ginoria glabra,Lythraceae,4,33.73,91.77,526,0.1,NA,32.6
Ginoria glabra,Lythraceae,4,34.07,86.13,939,0.1,NA,36.3
Ginoria glabra,Lythraceae,4,33.47,77.40,738,0.3,NA,38.8
Ginoria glabra,Lythraceae,4,33.77,83.80,981,0.1,182.4,37.8
Ginoria glabra,Lythraceae,4,32.35,84.95,175,0.1,NA,31.2
Ginoria glabra,Lythraceae,4,34.60,75.90,660,0.1,338.3,34.6
Ginoria glabra,Lythraceae,4,32.55,82.35,551,0.1,NA,39
Ginoria glabra,Lythraceae,4,33.77,80.60,915,0.1,489.6,34.6
Ginoria glabra,Lythraceae,5,33.73,91.77,657,0.1,NA,32.6
Ginoria glabra,Lythraceae,5,32.35,84.95,868,0.6,742,33.6
Ginoria glabra,Lythraceae,5,34.07,83.27,990,0.1,NA,36.4
Ginoria glabra,Lythraceae,5,30.30,93.67,106,0.1,NA,29.2
Ginoria glabra,Lythraceae,5,33.33,86.73,996,0.1,NA,35.4
Ginoria glabra,Lythraceae,5,33.77,80.60,944,0.1,NA,38.2
Ginoria glabra,Lythraceae,5,33.77,85.90,940,0.1,NA,37.4
Ginoria glabra,Lythraceae,5,33.77,83.80,774,0.1,NA,36.8
Ginoria glabra,Lythraceae,5,32.55,82.35,467,0.1,400.7,35.2
Ginoria glabra,Lythraceae,5,34.07,86.13,995,0.1,464.2,36.4
Ginoria glabra,Lythraceae,5,33.47,77.40,536,0.1,681.6,35.2
Ginoria glabra,Lythraceae,5,34.60,75.90,528,0.4,277.8,34
Ginoria glabra,Lythraceae,6,34.60,75.90,812,0.1,273.2,36.4
Ginoria glabra,Lythraceae,6,34.07,86.13,985,0.1,NA,37.8
Ginoria glabra,Lythraceae,6,33.33,86.73,983,0.1,NA,36.4
Ginoria glabra,Lythraceae,6,33.47,77.40,850,0.6,NA,35.6
Ginoria glabra,Lythraceae,6,33.73,91.77,292,0.1,633.3,34.2
Ginoria glabra,Lythraceae,6,33.77,83.80,736,0.1,392.6,37.4
Ginoria glabra,Lythraceae,6,32.55,82.35,490,0.1,250.6,35.2
Ginoria glabra,Lythraceae,6,34.07,83.27,986,0.1,350.5,37.2
Ginoria glabra,Lythraceae,6,33.77,80.60,944,0.1,286.1,39.2
Ginoria glabra,Lythraceae,6,33.77,85.90,848,0.1,339.7,41.8
Ginoria glabra,Lythraceae,6,32.35,84.95,965,0.1,668.6,34.8
Ginoria glabra,Lythraceae,7,33.77,85.90,969,0.1,75.6,43.4
Ginoria glabra,Lythraceae,7,34.07,86.13,874,0.1,612.6,36.2
Ginoria glabra,Lythraceae,7,33.47,77.40,944,0.1,425.7,42.4
Ginoria glabra,Lythraceae,7,33.33,86.73,700,0.1,571.8,39
Ginoria glabra,Lythraceae,7,34.07,83.27,778,0.1,761.6,36.2
Ginoria glabra,Lythraceae,7,33.73,91.77,354,0.1,787.2,33.8
Ginoria glabra,Lythraceae,7,34.60,75.90,755,0.1,222.2,39.4
Ginoria glabra,Lythraceae,7,32.35,84.95,732,0.1,NA,33.2
Ginoria glabra,Lythraceae,7,32.55,82.35,822,0.1,52.1,39.8
Ginoria glabra,Lythraceae,7,33.77,80.60,700,0.7,469.9,38.8
Ginoria glabra,Lythraceae,7,33.77,83.80,955,0.1,158.4,41
Ginoria glabra,Lythraceae,8,33.73,91.77,243,0.1,NA,31.6
Ginoria glabra,Lythraceae,8,34.60,75.90,838,0.1,230.2,39.2
Ginoria glabra,Lythraceae,8,33.47,77.40,956,0.1,232.8,41.2
Ginoria glabra,Lythraceae,8,33.77,85.90,877,0.1,76.5,41.2
Ginoria glabra,Lythraceae,8,33.33,86.73,825,0.1,312.7,39.6
Ginoria glabra,Lythraceae,8,34.07,86.13,829,0.1,799.6,36
Ginoria glabra,Lythraceae,8,32.55,82.35,944,0.1,82.5,40.6
Ginoria glabra,Lythraceae,8,32.35,84.95,585,0.1,701,32.6
Ginoria glabra,Lythraceae,8,33.77,83.80,976,0.1,264.5,42.4
Ginoria glabra,Lythraceae,8,33.77,80.60,881,0.6,317.8,35.6
Ginoria glabra,Lythraceae,8,34.07,83.27,907,0.1,440.9,38.2
Hamelia patens,Rubiaceae,1,35.30,73.67,941,0.1,NA,35.6
Hamelia patens,Rubiaceae,1,34.13,75.43,724,0.1,NA,35.2
Hamelia patens,Rubiaceae,1,31.00,95.67,601,0.1,679.9,32.2
Hamelia patens,Rubiaceae,1,32.17,83.87,666,0.1,1464.9,30.2
Hamelia patens,Rubiaceae,1,34.33,77.30,174,0.4,1073.9,29.6
Hamelia patens,Rubiaceae,1,35.17,70.70,873,0.1,1277.7,33
Hamelia patens,Rubiaceae,1,32.13,90.77,848,0.1,895.6,34
Hamelia patens,Rubiaceae,1,34.07,81.83,984,0.1,808.2,36.8
Hamelia patens,Rubiaceae,1,35.67,71.17,660,0.1,NA,35.8
Hamelia patens,Rubiaceae,1,33.73,85.50,645,0.1,1185.9,32.4
Hamelia patens,Rubiaceae,2,32.17,83.87,932,0.1,1362.8,33.8
Hamelia patens,Rubiaceae,2,34.33,77.30,220,0.6,1105,30.2
Hamelia patens,Rubiaceae,2,35.30,73.67,942,0.1,1090.6,37.2
Hamelia patens,Rubiaceae,2,31.00,95.67,230,0.1,538.5,30.2
Hamelia patens,Rubiaceae,2,34.07,81.83,1001,0.3,946.8,34
Hamelia patens,Rubiaceae,2,32.13,90.77,106,0.1,621.3,31.8
Hamelia patens,Rubiaceae,2,35.17,70.70,985,0.1,NA,33.4
Hamelia patens,Rubiaceae,2,35.67,71.17,585,0.4,804.5,33.2
Hamelia patens,Rubiaceae,2,34.13,75.43,639,0.1,426.7,33.8
Hamelia patens,Rubiaceae,2,33.73,85.50,1021,0.6,1231.7,32
Hamelia patens,Rubiaceae,3,35.67,71.17,966,0.4,993.3,34.2
Hamelia patens,Rubiaceae,3,34.13,75.43,530,0.1,1043.1,33.2
Hamelia patens,Rubiaceae,3,35.17,70.70,933,0.1,1481.7,34.8
Hamelia patens,Rubiaceae,3,33.73,85.50,574,0.5,1315.4,31.4
Hamelia patens,Rubiaceae,3,32.13,90.77,530,0.1,NA,31.8
Hamelia patens,Rubiaceae,3,34.33,77.30,350,0.4,NA,33
Hamelia patens,Rubiaceae,3,34.07,81.83,889,0.1,994,35
Hamelia patens,Rubiaceae,3,35.30,73.67,884,0.5,NA,35.8
Hamelia patens,Rubiaceae,3,32.17,83.87,762,0.1,NA,31.6
Hamelia patens,Rubiaceae,3,31.00,95.67,444,0.1,785.8,32.8
Hamelia patens,Rubiaceae,4,34.33,77.30,450,0.1,NA,34
Hamelia patens,Rubiaceae,4,32.13,90.77,746,0.1,789.6,30.4
Hamelia patens,Rubiaceae,4,35.30,73.67,761,0.1,1300.2,34.2
Hamelia patens,Rubiaceae,4,31.00,95.67,495,0.1,987.8,31.8
Hamelia patens,Rubiaceae,4,34.07,81.83,899,0.1,NA,35.8
Hamelia patens,Rubiaceae,4,34.13,75.43,754,0.1,NA,32.2
Hamelia patens,Rubiaceae,4,35.67,71.17,652,0.1,1026.3,34.2
Hamelia patens,Rubiaceae,4,35.17,70.70,1011,0.1,1485.1,34.6
Hamelia patens,Rubiaceae,4,32.17,83.87,1015,0.1,1659,34.6
Hamelia patens,Rubiaceae,4,33.73,85.50,985,0.1,1374.1,37.8
Hamelia patens,Rubiaceae,5,34.13,75.43,853,0.1,1209.4,32.4
Hamelia patens,Rubiaceae,5,35.67,71.17,972,0.1,662,35.2
Hamelia patens,Rubiaceae,5,32.17,83.87,852,0.1,1272.4,34.4
Hamelia patens,Rubiaceae,5,35.17,70.70,822,0.1,NA,34
Hamelia patens,Rubiaceae,5,33.73,85.50,903,0.3,1555.2,33.6
Hamelia patens,Rubiaceae,5,34.07,81.83,689,0.1,945.3,35.2
Hamelia patens,Rubiaceae,5,32.13,90.77,277,0.1,NA,31.4
Hamelia patens,Rubiaceae,5,31.00,95.67,688,0.1,NA,30
Hamelia patens,Rubiaceae,5,35.30,73.67,869,0.1,1066.9,37
Hamelia patens,Rubiaceae,5,34.33,77.30,1025,0.1,1155,33
Hamelia patens,Rubiaceae,6,35.67,71.17,909,0.1,NA,37.2
Hamelia patens,Rubiaceae,6,31.00,95.67,281,0.1,NA,29.8
Hamelia patens,Rubiaceae,6,34.33,77.30,760,0.5,982.4,30.2
Hamelia patens,Rubiaceae,6,35.30,73.67,975,0.1,735.8,38.2
Hamelia patens,Rubiaceae,6,34.13,75.43,769,0.1,1149.8,34.2
Hamelia patens,Rubiaceae,6,34.07,81.83,989,0.1,NA,34.4
Hamelia patens,Rubiaceae,6,33.73,85.50,793,0.1,1209.9,32.6
Hamelia patens,Rubiaceae,6,35.17,70.70,902,0.1,NA,34
Hamelia patens,Rubiaceae,6,32.17,83.87,781,0.1,NA,31.6
Hamelia patens,Rubiaceae,7,33.73,85.50,935,0.1,1309.9,31.2
Hamelia patens,Rubiaceae,8,34.13,75.43,949,0.1,1094.7,32
Hamelia patens,Rubiaceae,8,35.67,71.17,928,0.1,737.8,33.6
Hamelia patens,Rubiaceae,8,35.30,73.67,803,0.5,825.3,33.4
Hamelia patens,Rubiaceae,8,31.00,95.67,528,0.1,738.6,32.6
Hamelia patens,Rubiaceae,8,32.17,83.87,977,0.1,1188.2,33.6
Hamelia patens,Rubiaceae,8,32.13,90.77,128,0.1,853.2,33.8
Hamelia patens,Rubiaceae,8,33.73,85.50,506,0.1,NA,35
Hamelia patens,Rubiaceae,8,35.17,70.70,920,0.4,1321.1,33.4
Hamelia patens,Rubiaceae,8,34.07,81.83,588,0.1,1007.1,32.8
Hamelia patens,Rubiaceae,8,34.33,77.30,954,0.1,1132.4,32.2
Hibiscus boryanus,Malvaceae,1,32.87,81.80,603,0.1,158.4,37.4
Hibiscus boryanus,Malvaceae,1,30.53,99.43,170,0.1,383.8,29.6
Hibiscus boryanus,Malvaceae,1,33.37,83.93,965,0.1,280.8,35.2
Hibiscus boryanus,Malvaceae,1,33.67,78.43,949,0.1,NA,38.2
Hibiscus boryanus,Malvaceae,1,33.33,74.43,169,0.7,178.6,32
Hibiscus boryanus,Malvaceae,1,34.30,73.50,106,0.6,NA,31.1
Hibiscus boryanus,Malvaceae,1,34.53,72.40,996,0.1,308.8,39.6
Hibiscus boryanus,Malvaceae,2,34.53,72.40,688,0.1,96.4,37.8
Hibiscus boryanus,Malvaceae,2,32.87,81.80,231,0.1,NA,32.4
Hibiscus boryanus,Malvaceae,2,33.67,78.43,987,0.1,304.4,38.2
Hibiscus boryanus,Malvaceae,2,33.33,74.43,578,0.1,148.3,32.8
Hibiscus boryanus,Malvaceae,2,32.83,76.67,205,0.1,108.2,34
Hibiscus boryanus,Malvaceae,2,30.53,99.43,133,0.1,340.6,29.6
Hibiscus boryanus,Malvaceae,2,33.37,83.93,928,0.1,NA,35.6
Hibiscus boryanus,Malvaceae,3,33.67,78.43,979,0.1,NA,39.4
Hibiscus boryanus,Malvaceae,3,32.87,81.80,405,0.1,326.5,32
Hibiscus boryanus,Malvaceae,3,34.53,72.40,988,0.1,89.9,38.6
Hibiscus boryanus,Malvaceae,3,33.33,74.43,575,0.5,NA,33.2
Hibiscus boryanus,Malvaceae,3,32.83,76.67,280,0.1,NA,32.2
Hibiscus boryanus,Malvaceae,3,33.37,83.93,911,0.1,NA,35.2
Hibiscus boryanus,Malvaceae,4,33.37,83.93,743,0.1,363.5,36.6
Hibiscus boryanus,Malvaceae,4,33.33,74.43,870,0.1,70.4,41.8
Hibiscus boryanus,Malvaceae,4,33.67,78.43,670,0.1,187.3,39
Hibiscus boryanus,Malvaceae,4,32.87,81.80,530,0.4,NA,37.3
Hibiscus boryanus,Malvaceae,4,32.83,76.67,1004,0.4,103,37.2
Hibiscus boryanus,Malvaceae,4,34.53,72.40,985,0.6,121,38.2
Hibiscus boryanus,Malvaceae,5,32.87,81.80,385,0.5,NA,35.8
Hibiscus boryanus,Malvaceae,5,33.67,78.43,569,0.1,206.4,38.6
Hibiscus boryanus,Malvaceae,5,34.53,72.40,1028,0.4,174.9,35.2
Hibiscus boryanus,Malvaceae,5,32.83,76.67,559,0.5,NA,35.5
Hibiscus boryanus,Malvaceae,5,33.13,78.63,171,0.3,159.4,32.2
Hibiscus boryanus,Malvaceae,5,33.37,83.93,409,0.1,450.2,35.4
Hibiscus boryanus,Malvaceae,5,34.30,73.50,933,0.6,85.9,35.2
Hibiscus boryanus,Malvaceae,5,33.33,74.43,623,0.1,200.9,36.4
Hibiscus boryanus,Malvaceae,6,32.87,81.80,788,0.1,189.3,38
Hibiscus boryanus,Malvaceae,6,33.33,74.43,800,0.1,192.3,42.4
Hibiscus boryanus,Malvaceae,6,34.53,72.40,962,0.9,242.9,39.6
Hibiscus boryanus,Malvaceae,6,33.13,78.63,160,0.1,NA,33.2
Hibiscus boryanus,Malvaceae,6,33.67,78.43,951,0.1,NA,41.2
Hibiscus boryanus,Malvaceae,6,34.30,73.50,915,0.1,NA,37.2
Hibiscus boryanus,Malvaceae,6,32.83,76.67,623,0.3,151.5,37.8
Hibiscus boryanus,Malvaceae,6,33.37,83.93,805,0.1,163.3,36.2
Hibiscus boryanus,Malvaceae,7,32.83,76.67,117,0.2,NA,38.2
Hibiscus boryanus,Malvaceae,7,32.87,81.80,829,0.1,263.8,39.4
Hibiscus boryanus,Malvaceae,7,33.37,83.93,761,0.1,359.1,36.2
Hibiscus boryanus,Malvaceae,7,33.13,78.63,1002,0.1,262.1,41.8
Hibiscus boryanus,Malvaceae,7,33.33,74.43,136,0.1,NA,31.8
Hibiscus boryanus,Malvaceae,7,34.53,72.40,989,0.6,221.1,39.4
Hibiscus boryanus,Malvaceae,7,33.67,78.43,931,0.6,332,35.2
Hibiscus boryanus,Malvaceae,7,34.30,73.50,981,0.7,285,42.2
Hibiscus boryanus,Malvaceae,8,33.33,74.43,420,0.1,NA,31.2
Hibiscus boryanus,Malvaceae,8,34.53,72.40,775,0.4,258.5,34
Hibiscus boryanus,Malvaceae,8,33.37,83.93,578,0.1,NA,30.8
Hibiscus boryanus,Malvaceae,8,32.83,76.67,256,0.8,NA,30.6
Hibiscus boryanus,Malvaceae,8,33.67,78.43,714,0.1,452.6,32.6
Hibiscus boryanus,Malvaceae,8,32.87,81.80,900,0.1,159.9,37.4
Hibiscus boryanus,Malvaceae,8,33.13,78.63,763,0.1,138.1,34.2
Holmskioldia sanguinea,Lamiaceae,1,31.97,82.40,411,0.1,777.8,35.8
Holmskioldia sanguinea,Lamiaceae,1,30.40,100.00,788,0.1,711.2,34.8
Holmskioldia sanguinea,Lamiaceae,1,33.10,79.87,618,0.3,743.1,32.4
Holmskioldia sanguinea,Lamiaceae,1,33.77,81.50,284,0.1,593.9,34.2
Holmskioldia sanguinea,Lamiaceae,1,31.55,88.80,878,0.2,699.9,34.6
Holmskioldia sanguinea,Lamiaceae,1,33.83,84.10,257,0.1,NA,31
Holmskioldia sanguinea,Lamiaceae,1,33.10,83.67,679,0.1,NA,36.6
Holmskioldia sanguinea,Lamiaceae,2,30.40,100.00,755,0.1,NA,35.2
Holmskioldia sanguinea,Lamiaceae,2,33.77,81.50,635,0.1,575.2,36.2
Holmskioldia sanguinea,Lamiaceae,2,31.55,88.80,910,0.2,NA,35.6
Holmskioldia sanguinea,Lamiaceae,2,32.87,86.47,180,0.1,NA,33.6
Holmskioldia sanguinea,Lamiaceae,2,33.83,84.10,487,0.5,589.4,31.2
Holmskioldia sanguinea,Lamiaceae,2,33.10,79.87,875,0.1,NA,35.8
Holmskioldia sanguinea,Lamiaceae,2,33.10,83.67,907,0.1,623.2,37.4
Holmskioldia sanguinea,Lamiaceae,3,30.40,100.00,722,0.1,289.6,36.4
Holmskioldia sanguinea,Lamiaceae,3,33.83,84.10,114,0.1,NA,31.2
Holmskioldia sanguinea,Lamiaceae,3,33.77,81.50,910,0.1,281.9,40.2
Holmskioldia sanguinea,Lamiaceae,3,31.55,88.80,893,0.2,266.8,36.8
Holmskioldia sanguinea,Lamiaceae,3,33.10,79.87,981,0.1,476.5,39.2
Holmskioldia sanguinea,Lamiaceae,3,33.10,83.67,904,1.2,NA,38.2
Holmskioldia sanguinea,Lamiaceae,4,33.77,81.50,894,0.1,NA,36.4
Holmskioldia sanguinea,Lamiaceae,4,31.55,88.80,901,0.2,322,37.8
Holmskioldia sanguinea,Lamiaceae,4,30.40,100.00,773,0.1,333.3,36.2
Holmskioldia sanguinea,Lamiaceae,4,33.83,84.10,549,0.1,437.7,32
Holmskioldia sanguinea,Lamiaceae,4,33.10,79.87,995,0.4,545.9,38.2
Holmskioldia sanguinea,Lamiaceae,4,33.10,83.67,939,0.1,425.1,39.8
Holmskioldia sanguinea,Lamiaceae,5,31.55,88.80,800,0.2,766.1,35
Holmskioldia sanguinea,Lamiaceae,5,33.83,84.10,446,0.1,544.7,35.6
Holmskioldia sanguinea,Lamiaceae,5,33.77,81.50,705,0.1,NA,36.2
Holmskioldia sanguinea,Lamiaceae,5,30.40,100.00,775,0.4,NA,35.6
Holmskioldia sanguinea,Lamiaceae,5,32.87,86.47,250,0.1,533.2,34.8
Holmskioldia sanguinea,Lamiaceae,5,33.10,79.87,822,0.1,904.1,34.4
Holmskioldia sanguinea,Lamiaceae,5,33.10,83.67,814,0.1,NA,37
Holmskioldia sanguinea,Lamiaceae,6,31.55,88.80,890,0.2,NA,35
Holmskioldia sanguinea,Lamiaceae,6,30.40,100.00,720,0.1,897.2,34.6
Holmskioldia sanguinea,Lamiaceae,6,33.83,84.10,774,0.3,436.4,32.6
Holmskioldia sanguinea,Lamiaceae,6,33.10,83.67,890,0.1,632,38
Holmskioldia sanguinea,Lamiaceae,6,33.10,79.87,986,0.1,917.2,37.8
Holmskioldia sanguinea,Lamiaceae,6,33.77,81.50,696,0.1,NA,36.8
Holmskioldia sanguinea,Lamiaceae,7,31.55,88.80,896,0.2,NA,35.6
Holmskioldia sanguinea,Lamiaceae,7,33.77,81.50,873,0.1,645.7,37.2
Holmskioldia sanguinea,Lamiaceae,7,30.40,100.00,717,0.1,765.4,33.6
Holmskioldia sanguinea,Lamiaceae,7,32.87,86.47,645,0.1,482.9,35
Holmskioldia sanguinea,Lamiaceae,7,33.83,84.10,659,0.1,NA,34.6
Holmskioldia sanguinea,Lamiaceae,7,33.10,83.67,761,1,771.5,38.2
Holmskioldia sanguinea,Lamiaceae,7,33.10,79.87,827,0.1,NA,37
Holmskioldia sanguinea,Lamiaceae,8,31.55,88.80,833,0.2,643.5,35.6
Holmskioldia sanguinea,Lamiaceae,8,33.10,83.67,828,0.5,729.1,38.4
Holmskioldia sanguinea,Lamiaceae,8,30.40,100.00,615,0.1,NA,34
Holmskioldia sanguinea,Lamiaceae,8,33.83,84.10,198,0.1,244.7,33.6
Holmskioldia sanguinea,Lamiaceae,8,33.10,79.87,1017,0.1,567.5,38.8
Holmskioldia sanguinea,Lamiaceae,8,33.77,81.50,981,0.1,502.8,39.8
Justicia brandegeeana,Acanthaceae,1,34.27,78.53,1015,0.1,312,39.6
Justicia brandegeeana,Acanthaceae,1,33.97,82.50,688,0.1,969.8,36.2
Justicia brandegeeana,Acanthaceae,1,32.43,79.10,114,0.1,497.4,32.6
Justicia brandegeeana,Acanthaceae,1,34.37,74.97,1000,0.1,NA,41.6
Justicia brandegeeana,Acanthaceae,1,33.07,87.57,910,0.1,738.9,37.2
Justicia brandegeeana,Acanthaceae,1,30.30,97.03,729,0.1,164.3,38.4
Justicia brandegeeana,Acanthaceae,1,34.50,83.93,1001,0.1,NA,38.6
Justicia brandegeeana,Acanthaceae,1,36.27,62.73,150,0.1,NA,32
Justicia brandegeeana,Acanthaceae,2,34.37,74.97,1002,0.1,1344.8,37.4
Justicia brandegeeana,Acanthaceae,2,36.27,62.73,670,0.1,710.1,34.6
Justicia brandegeeana,Acanthaceae,2,34.27,78.53,977,0.1,935.2,33.6
Justicia brandegeeana,Acanthaceae,2,33.97,82.50,955,0.1,NA,34.8
Justicia brandegeeana,Acanthaceae,2,34.50,83.93,1005,0.1,565.4,36.4
Justicia brandegeeana,Acanthaceae,2,33.07,87.57,948,0.1,1088.4,37.6
Justicia brandegeeana,Acanthaceae,2,32.43,79.10,426,0.1,504.6,34.2
Justicia brandegeeana,Acanthaceae,3,33.97,82.50,1004,0.1,1125.9,38.2
Justicia brandegeeana,Acanthaceae,3,34.37,74.97,985,0.1,NA,36.8
Justicia brandegeeana,Acanthaceae,3,34.27,78.53,801,0.1,879.3,37.2
Justicia brandegeeana,Acanthaceae,3,36.27,62.73,964,0.1,750.5,37.8
Justicia brandegeeana,Acanthaceae,3,33.07,87.57,998,0.1,1130.6,37.6
Justicia brandegeeana,Acanthaceae,3,32.43,79.10,402,0.1,NA,36.2
Justicia brandegeeana,Acanthaceae,3,34.50,83.93,984,0.1,810.7,35.4
Justicia brandegeeana,Acanthaceae,4,33.97,82.50,995,0.1,NA,39.6
Justicia brandegeeana,Acanthaceae,4,34.37,74.97,1000,0.1,955.6,38
Justicia brandegeeana,Acanthaceae,4,32.43,79.10,450,0.1,462.1,36.4
Justicia brandegeeana,Acanthaceae,4,34.50,83.93,786,0.1,573.7,32.8
Justicia brandegeeana,Acanthaceae,4,36.27,62.73,872,0.1,NA,35.6
Justicia brandegeeana,Acanthaceae,4,34.27,78.53,848,0.1,955.4,37
Justicia brandegeeana,Acanthaceae,4,33.07,87.57,622,0.1,1051.4,33.8
Justicia brandegeeana,Acanthaceae,5,34.27,78.53,807,0.1,NA,36.4
Justicia brandegeeana,Acanthaceae,5,34.37,74.97,942,0.1,NA,35
Justicia brandegeeana,Acanthaceae,5,33.07,87.57,728,0.1,880.3,31
Justicia brandegeeana,Acanthaceae,5,36.27,62.73,975,0.1,844.4,35.6
Justicia brandegeeana,Acanthaceae,5,34.50,83.93,721,0.1,NA,33.6
Justicia brandegeeana,Acanthaceae,5,32.43,79.10,883,0.1,NA,37.8
Justicia brandegeeana,Acanthaceae,5,33.97,82.50,1003,0.1,1165.2,35.4
Justicia brandegeeana,Acanthaceae,6,34.50,83.93,202,0.1,620,31.4
Justicia brandegeeana,Acanthaceae,6,36.27,62.73,985,0.1,552.4,36.6
Justicia brandegeeana,Acanthaceae,6,33.97,82.50,1010,0.1,1074.5,38.2
Justicia brandegeeana,Acanthaceae,6,33.07,87.57,677,0.1,1116.4,32.2
Justicia brandegeeana,Acanthaceae,6,34.37,74.97,999,0.1,1184.8,37.4
Justicia brandegeeana,Acanthaceae,6,34.27,78.53,983,0.4,358.8,40.4
Justicia brandegeeana,Acanthaceae,6,32.43,79.10,124,0.1,284.4,32.2
Justicia brandegeeana,Acanthaceae,7,33.97,82.50,999,0.1,1005.8,36.4
Justicia brandegeeana,Acanthaceae,7,34.50,83.93,157,0.1,537.4,31.6
Justicia brandegeeana,Acanthaceae,7,34.37,74.97,955,0.1,930.6,38.6
Justicia brandegeeana,Acanthaceae,7,33.07,87.57,453,0.1,945.9,31.2
Justicia brandegeeana,Acanthaceae,7,34.27,78.53,892,0.1,NA,38.2
Justicia brandegeeana,Acanthaceae,7,36.27,62.73,694,0.1,488.3,36.4
Justicia brandegeeana,Acanthaceae,7,32.43,79.10,535,0.1,282.6,37.8
Maytenus procumbens,Celastraceae,1,33.13,81.97,789,0.1,174.9,41.8
Maytenus procumbens,Celastraceae,1,32.97,68.83,940,0.4,311.8,40
Maytenus procumbens,Celastraceae,1,32.40,82.37,131,0.1,286.7,30.8
Maytenus procumbens,Celastraceae,1,33.37,75.87,926,0.1,251.1,41.4
Maytenus procumbens,Celastraceae,1,32.60,81.40,482,0.1,182.7,39.8
Maytenus procumbens,Celastraceae,1,32.23,76.37,169,0.1,340,33
Maytenus procumbens,Celastraceae,1,32.47,78.80,618,0.1,231.6,39.4
Maytenus procumbens,Celastraceae,2,33.37,75.87,948,0.1,330,40.2
Maytenus procumbens,Celastraceae,2,32.23,76.37,490,0.1,351.1,34
Maytenus procumbens,Celastraceae,2,32.40,82.37,135,0.1,261.2,31.2
Maytenus procumbens,Celastraceae,2,32.97,68.83,988,0.4,262.5,39.4
Maytenus procumbens,Celastraceae,2,32.60,81.40,993,0.1,151.2,42.4
Maytenus procumbens,Celastraceae,2,32.47,78.80,993,0.1,245.4,40.4
Maytenus procumbens,Celastraceae,2,33.13,81.97,959,0.1,NA,42
Maytenus procumbens,Celastraceae,3,33.37,75.87,992,0.1,234.1,40.6
Maytenus procumbens,Celastraceae,3,32.23,76.37,419,0.1,316.9,31.6
Maytenus procumbens,Celastraceae,3,32.97,68.83,967,0.4,127.9,40.2
Maytenus procumbens,Celastraceae,3,32.47,78.80,486,0.1,319.8,30
Maytenus procumbens,Celastraceae,3,33.13,81.97,970,0.1,63.2,42.8
Maytenus procumbens,Celastraceae,4,32.40,82.37,101,0.1,261.6,30.2
Maytenus procumbens,Celastraceae,4,32.60,81.40,125,0.1,NA,30.4
Maytenus procumbens,Celastraceae,4,33.13,81.97,541,0.1,112.6,38.8
Maytenus procumbens,Celastraceae,4,32.97,68.83,870,0.1,53.3,41.6
Maytenus procumbens,Celastraceae,4,33.37,75.87,762,0.1,172.2,40.4
Maytenus procumbens,Celastraceae,4,32.23,76.37,846,0.1,NA,35.2
Maytenus procumbens,Celastraceae,5,33.37,75.87,368,0.1,247,38.4
Maytenus procumbens,Celastraceae,5,32.47,78.80,180,0.1,NA,33.6
Maytenus procumbens,Celastraceae,5,32.40,82.37,101,0.1,NA,31.6
Maytenus procumbens,Celastraceae,5,33.13,81.97,844,0.1,NA,38.4
Maytenus procumbens,Celastraceae,5,32.97,68.83,503,0.1,NA,40
Maytenus procumbens,Celastraceae,6,33.37,75.87,941,0.1,234.4,41.6
Maytenus procumbens,Celastraceae,6,33.13,81.97,812,0.1,51.9,40.4
Maytenus procumbens,Celastraceae,6,32.97,68.83,519,0.1,131.7,43.4
Maytenus procumbens,Celastraceae,6,32.47,78.80,823,0.1,417.5,31.8
Maytenus procumbens,Celastraceae,6,32.40,82.37,116,0.1,303.2,31.2
Maytenus procumbens,Celastraceae,7,33.37,75.87,904,0.1,277.8,39.2
Maytenus procumbens,Celastraceae,7,32.40,82.37,120,0.1,311.6,30.6
Maytenus procumbens,Celastraceae,7,32.97,68.83,744,0.1,NA,41.4
Maytenus procumbens,Celastraceae,7,33.13,81.97,766,0.1,70,39.4
Moringa stenopetala,Moringaceae,1,33.63,77.70,992,0.1,NA,35.1
Moringa stenopetala,Moringaceae,1,35.13,69.10,405,0.1,902.1,31.2
Moringa stenopetala,Moringaceae,1,34.63,71.13,763,0.1,910.3,33
Moringa stenopetala,Moringaceae,1,35.57,69.50,542,0.1,1110.7,33.8
Moringa stenopetala,Moringaceae,1,33.03,78.37,290,0.1,573,29.2
Moringa stenopetala,Moringaceae,1,32.23,78.27,780,0.1,762.6,33.4
Moringa stenopetala,Moringaceae,1,33.20,76.20,578,0.5,887,30.6
Moringa stenopetala,Moringaceae,1,33.13,79.80,112,0.1,NA,30.4
Moringa stenopetala,Moringaceae,2,35.57,69.50,714,0.1,1161.5,33.8
Moringa stenopetala,Moringaceae,3,33.03,78.37,125,0.1,749.6,29.8
Moringa stenopetala,Moringaceae,3,33.13,79.80,140,0.1,427.1,31.6
Moringa stenopetala,Moringaceae,3,33.20,76.20,753,0.1,NA,33.6
Moringa stenopetala,Moringaceae,3,32.23,78.27,719,0.1,697.2,33.2
Moringa stenopetala,Moringaceae,3,34.63,71.13,1014,0.1,670.8,33.8
Moringa stenopetala,Moringaceae,3,35.13,69.10,609,0.1,755.7,35.6
Moringa stenopetala,Moringaceae,3,35.57,69.50,309,0.1,901.3,32.8
Moringa stenopetala,Moringaceae,3,33.63,77.70,995,0.1,NA,34.6
Moringa stenopetala,Moringaceae,4,33.13,79.80,200,0.1,NA,32.6
Moringa stenopetala,Moringaceae,4,32.23,78.27,822,0.1,735.9,34.4
Moringa stenopetala,Moringaceae,4,35.13,69.10,951,0.1,821.6,36.4
Moringa stenopetala,Moringaceae,4,33.63,77.70,458,0.1,482.6,33.6
Moringa stenopetala,Moringaceae,4,34.63,71.13,1014,0.1,753,34
Moringa stenopetala,Moringaceae,4,33.03,78.37,344,0.1,592.6,31.6
Moringa stenopetala,Moringaceae,4,35.57,69.50,1018,0.1,1089.9,38.6
Moringa stenopetala,Moringaceae,4,33.20,76.20,960,0.1,NA,32
Moringa stenopetala,Moringaceae,5,35.13,69.10,397,0.1,1006.7,32.2
Moringa stenopetala,Moringaceae,5,33.03,78.37,443,0.1,921.3,32.8
Moringa stenopetala,Moringaceae,5,35.57,69.50,293,0.1,1288.9,29.4
Moringa stenopetala,Moringaceae,5,33.63,77.70,964,0.1,1118.2,33.4
Moringa stenopetala,Moringaceae,5,34.63,71.13,367,0.1,768.4,29.8
Moringa stenopetala,Moringaceae,5,33.13,79.80,589,0.1,874.6,29.6
Moringa stenopetala,Moringaceae,5,33.20,76.20,144,0.1,1168.5,31
Moringa stenopetala,Moringaceae,5,32.23,78.27,844,0.1,1032.4,33
Moringa stenopetala,Moringaceae,6,35.57,69.50,223,0.1,1151.6,28
Moringa stenopetala,Moringaceae,6,34.63,71.13,251,0.3,801,31.4
Moringa stenopetala,Moringaceae,6,33.13,79.80,255,0.3,756.6,28.8
Moringa stenopetala,Moringaceae,6,33.20,76.20,236,0.1,923.6,31.6
Moringa stenopetala,Moringaceae,6,33.03,78.37,106,0.1,275.5,29.6
Moringa stenopetala,Moringaceae,6,35.13,69.10,443,0.1,NA,31.8
Moringa stenopetala,Moringaceae,6,33.63,77.70,989,0.1,853.7,33.2
Moringa stenopetala,Moringaceae,6,32.23,78.27,874,0.1,NA,32.2
Moringa stenopetala,Moringaceae,7,33.63,77.70,984,3,926.7,32.6
Moringa stenopetala,Moringaceae,7,35.13,69.10,640,0.1,1011.6,30.6
Moringa stenopetala,Moringaceae,7,33.13,79.80,206,0.3,757.4,29.2
Moringa stenopetala,Moringaceae,7,35.57,69.50,639,0.7,1398.4,30.6
Moringa stenopetala,Moringaceae,7,31.03,89.47,122,0.1,NA,30.4
Moringa stenopetala,Moringaceae,7,34.63,71.13,961,0.7,NA,32.8
Moringa stenopetala,Moringaceae,7,32.23,78.27,815,0.1,808.4,33
Moringa stenopetala,Moringaceae,7,33.20,76.20,277,0.1,1079.6,30.8
Moringa stenopetala,Moringaceae,7,33.03,78.37,529,0.1,NA,29.4
Moringa stenopetala,Moringaceae,8,33.63,77.70,875,0.6,772.1,32.2
Moringa stenopetala,Moringaceae,8,33.20,76.20,983,0.1,985,35.8
Moringa stenopetala,Moringaceae,8,35.13,69.10,981,0.1,NA,34.2
Moringa stenopetala,Moringaceae,8,35.57,69.50,935,0.4,1256.9,33.4
Moringa stenopetala,Moringaceae,8,31.03,89.47,201,0.1,568.9,28.8
Moringa stenopetala,Moringaceae,8,33.03,78.37,463,0.1,NA,31.6
Moringa stenopetala,Moringaceae,8,33.13,79.80,500,0.1,472.2,31
Moringa stenopetala,Moringaceae,8,34.63,71.13,955,0.1,NA,34.6
Moringa stenopetala,Moringaceae,8,32.23,78.27,316,0.6,NA,32.4
Phaleria macrocarpa,Thymelaceae,1,35.30,80.57,971,0.1,330.8,40.4
Phaleria macrocarpa,Thymelaceae,1,31.77,88.43,615,0.1,203.7,37.8
Phaleria macrocarpa,Thymelaceae,1,31.80,90.33,917,1,235.3,39.2
Phaleria macrocarpa,Thymelaceae,1,31.70,85.23,937,0.1,225.3,38.6
Phaleria macrocarpa,Thymelaceae,1,31.50,91.27,139,0.1,205.8,31.6
Phaleria macrocarpa,Thymelaceae,1,31.73,96.43,108,0.1,128.9,31.8
Phaleria macrocarpa,Thymelaceae,1,31.97,88.97,498,0.1,56.8,34.2
Phaleria macrocarpa,Thymelaceae,1,31.90,92.20,102,0.1,54.1,32
Phaleria macrocarpa,Thymelaceae,2,31.80,90.33,781,0.1,429.6,37.6
Phaleria macrocarpa,Thymelaceae,2,35.30,80.57,997,0.4,383.5,39.8
Phaleria macrocarpa,Thymelaceae,2,31.77,88.43,603,0.1,356.8,35.6
Phaleria macrocarpa,Thymelaceae,2,31.73,96.43,107,0.1,360,31.6
Phaleria macrocarpa,Thymelaceae,2,31.70,85.23,944,0.1,NA,37.6
Phaleria macrocarpa,Thymelaceae,2,31.50,91.27,608,0.1,358.5,35.8
Phaleria macrocarpa,Thymelaceae,2,31.97,88.97,480,0.1,144.8,35.8
Phaleria macrocarpa,Thymelaceae,3,31.80,90.33,895,0.1,NA,38.8
Phaleria macrocarpa,Thymelaceae,3,31.77,88.43,631,0.1,304.9,36.8
Phaleria macrocarpa,Thymelaceae,3,31.90,92.20,316,0.1,61.1,33.2
Phaleria macrocarpa,Thymelaceae,3,31.70,85.23,869,0.3,290.1,39.6
Phaleria macrocarpa,Thymelaceae,3,35.30,80.57,1006,0.1,236.1,40.2
Phaleria macrocarpa,Thymelaceae,3,31.73,96.43,106,0.1,171.8,31.8
Phaleria macrocarpa,Thymelaceae,4,31.80,90.33,754,0.5,243.8,34.8
Phaleria macrocarpa,Thymelaceae,4,31.90,92.20,129,0.1,NA,33.6
Phaleria macrocarpa,Thymelaceae,4,31.77,88.43,468,0.1,NA,34.6
Phaleria macrocarpa,Thymelaceae,4,31.50,91.27,545,0.3,NA,34.6
Phaleria macrocarpa,Thymelaceae,4,35.30,80.57,734,0.1,466.7,37.4
Phaleria macrocarpa,Thymelaceae,4,31.70,85.23,769,0.1,337.7,36.6
Phaleria macrocarpa,Thymelaceae,4,31.73,96.43,112,0.1,NA,31.8
Phaleria macrocarpa,Thymelaceae,5,31.80,90.33,824,0.1,360.6,36.2
Phaleria macrocarpa,Thymelaceae,5,31.27,88.13,107,0.1,NA,31
Phaleria macrocarpa,Thymelaceae,5,31.90,92.20,179,0.1,141.9,34.4
Phaleria macrocarpa,Thymelaceae,5,31.50,91.27,611,0.8,338.5,34.5
Phaleria macrocarpa,Thymelaceae,5,31.77,88.43,606,0.1,NA,36.6
Phaleria macrocarpa,Thymelaceae,5,31.70,85.23,915,0.1,NA,35.8
Phaleria macrocarpa,Thymelaceae,5,35.30,80.57,980,0.7,357.9,39.7
Phaleria macrocarpa,Thymelaceae,5,31.73,96.43,587,0.1,NA,33.3
Phaleria macrocarpa,Thymelaceae,6,31.77,88.43,608,0.1,339.3,36.4
Phaleria macrocarpa,Thymelaceae,6,31.50,91.27,736,0.7,390.1,36
Phaleria macrocarpa,Thymelaceae,6,31.80,90.33,949,0.2,NA,38.4
Phaleria macrocarpa,Thymelaceae,6,31.70,85.23,970,1,423.6,35.6
Phaleria macrocarpa,Thymelaceae,6,31.27,88.13,138,0.1,240.3,31.4
Phaleria macrocarpa,Thymelaceae,6,35.30,80.57,987,0.1,416.3,39.4
Phaleria macrocarpa,Thymelaceae,6,31.73,96.43,218,0.8,298.7,35.2
Phaleria macrocarpa,Thymelaceae,7,31.70,85.23,966,1,365.2,39.8
Phaleria macrocarpa,Thymelaceae,7,35.30,80.57,963,0.1,181.7,37.8
Phaleria macrocarpa,Thymelaceae,7,31.77,88.43,624,0.1,NA,36.8
Phaleria macrocarpa,Thymelaceae,7,31.80,90.33,738,0.2,325,39.2
Phaleria macrocarpa,Thymelaceae,7,31.27,88.13,325,0.1,242.9,31.6
Phaleria macrocarpa,Thymelaceae,7,31.73,96.43,706,0.2,241.5,36.2
Phaleria macrocarpa,Thymelaceae,7,31.50,91.27,581,0.1,401.5,37.4