Latin_name,Family,SampleID,Leaf,gs_mmol/ms,Tl_(˚C),Notes
Adenocalymma comosum,Bignoniaceae,1,1,172.7,37.4,
Adenocalymma comosum,Bignoniaceae,2,1,187.7,40.2,
Adenocalymma comosum,Bignoniaceae,3,1,NA,36.8,
Adenocalymma comosum,Bignoniaceae,4,1,NA,36.2,
Adenocalymma comosum,Bignoniaceae,5,1,580.2,30.2,
Adenocalymma comosum,Bignoniaceae,6,1,118.9,39.6,
Adenocalymma comosum,Bignoniaceae,7,1,715.7,32.6,
Adenocalymma comosum,Bignoniaceae,8,2,618.9,39.2,
Adenocalymma comosum,Bignoniaceae,9,2,228.7,36.8,
Adenocalymma comosum,Bignoniaceae,10,2,NA,29.6,
Adenocalymma comosum,Bignoniaceae,11,2,828.5,31.8,
Adenocalymma comosum,Bignoniaceae,12,2,556.1,38.4,
Adenocalymma comosum,Bignoniaceae,13,2,179.3,38.8,
Adenocalymma comosum,Bignoniaceae,14,2,126,41.6,
Adenocalymma comosum,Bignoniaceae,15,3,127.2,40.2,
Adenocalymma comosum,Bignoniaceae,16,3,NA,41.4,
Adenocalymma comosum,Bignoniaceae,17,3,NA,42,
Adenocalymma comosum,Bignoniaceae,18,3,20.4,42.8,
Adenocalymma comosum,Bignoniaceae,19,3,365.5,31.6,
Adenocalymma comosum,Bignoniaceae,20,3,246.7,37.2,
Adenocalymma comosum,Bignoniaceae,21,3,NA,33.8,
Adenocalymma comosum,Bignoniaceae,22,3,585.2,34.2,
Adenocalymma comosum,Bignoniaceae,23,4,NA,45.2,
Adenocalymma comosum,Bignoniaceae,24,4,29.2,42.2,
Adenocalymma comosum,Bignoniaceae,25,4,NA,45,
Adenocalymma comosum,Bignoniaceae,26,4,NA,30.2,
Adenocalymma comosum,Bignoniaceae,27,4,138.5,38.2,
Adenocalymma comosum,Bignoniaceae,28,4,88.9,39.4,
Adenocalymma comosum,Bignoniaceae,29,5,554.7,34.4,
Adenocalymma comosum,Bignoniaceae,30,5,NA,40.2,
Adenocalymma comosum,Bignoniaceae,31,5,NA,41.4,
Adenocalymma comosum,Bignoniaceae,32,5,352.3,33.2,
Adenocalymma comosum,Bignoniaceae,33,5,NA,41.8,
Adenocalymma comosum,Bignoniaceae,34,5,130.2,38.6,
Adenocalymma comosum,Bignoniaceae,35,5,NA,34,
Adenocalymma comosum,Bignoniaceae,36,5,36.7,42.2,
Adenocalymma comosum,Bignoniaceae,37,6,NA,35.2,
Adenocalymma comosum,Bignoniaceae,38,6,NA,41,
Adenocalymma comosum,Bignoniaceae,39,6,231.8,39.8,
Adenocalymma comosum,Bignoniaceae,40,6,419.2,35,
Adenocalymma comosum,Bignoniaceae,41,6,217.4,36,
Adenocalymma comosum,Bignoniaceae,42,6,NA,32.8,
Adenocalymma comosum,Bignoniaceae,43,6,NA,36.8,
Adenocalymma comosum,Bignoniaceae,44,6,571.3,30.6,
Adenocalymma comosum,Bignoniaceae,45,7,191.3,35.2,
Adenocalymma comosum,Bignoniaceae,46,7,386.4,37.4,
Adenocalymma comosum,Bignoniaceae,47,7,71,43.2,
Adenocalymma comosum,Bignoniaceae,48,7,NA,40,
Adenocalymma comosum,Bignoniaceae,49,7,60.4,41.2,
Adenocalymma comosum,Bignoniaceae,50,7,470.9,38.8,
Adenocalymma comosum,Bignoniaceae,51,7,438.8,29.6,
Adenocalymma comosum,Bignoniaceae,52,7,520.5,34.4,
Adenocalymma comosum,Bignoniaceae,53,7,92.3,38.8,
Adenocalymma comosum,Bignoniaceae,54,8,72.2,44.2,
Adenocalymma comosum,Bignoniaceae,55,8,364.1,34.4,
Adenocalymma comosum,Bignoniaceae,56,8,383,33.8,
Adenocalymma comosum,Bignoniaceae,57,8,NA,38.8,
Adenocalymma comosum,Bignoniaceae,58,8,253,38.2,
Adenocalymma comosum,Bignoniaceae,59,8,567.5,33.4,
Adenocalymma comosum,Bignoniaceae,60,8,121.4,40.8,
Adenocalymma comosum,Bignoniaceae,61,8,536.5,31,
Adenocalymma comosum,Bignoniaceae,62,8,NA,38.4,
Brunfelsia lactea,Solanaceae,63,1,279,31.8,
Brunfelsia lactea,Solanaceae,64,1,100.4,41.8,
Brunfelsia lactea,Solanaceae,65,1,153.8,42.8,
Brunfelsia lactea,Solanaceae,66,1,53.2,35.4,
Brunfelsia lactea,Solanaceae,67,1,413.5,38,
Brunfelsia lactea,Solanaceae,68,2,909.9,38.6,
Brunfelsia lactea,Solanaceae,69,2,400.2,38.2,
Brunfelsia lactea,Solanaceae,70,2,232.7,41.2,
Brunfelsia lactea,Solanaceae,71,2,147.1,32.4,
Brunfelsia lactea,Solanaceae,72,2,NA,39.2,
Brunfelsia lactea,Solanaceae,73,3,497.5,34.4,
Brunfelsia lactea,Solanaceae,74,3,210.3,35.6,
Brunfelsia lactea,Solanaceae,75,3,175.6,36.6,
Brunfelsia lactea,Solanaceae,76,3,149.3,31.6,
Brunfelsia lactea,Solanaceae,77,3b,368.1,37.6,
Brunfelsia lactea,Solanaceae,78,4,77,40,
Brunfelsia lactea,Solanaceae,79,4,212.6,40.4,
Brunfelsia lactea,Solanaceae,80,4,104.4,40.4,
Brunfelsia lactea,Solanaceae,81,4,NA,40.6,
Brunfelsia lactea,Solanaceae,82,4,NA,33.2,
Brunfelsia lactea,Solanaceae,83,5,NA,37,
Brunfelsia lactea,Solanaceae,84,5,NA,32.2,
Brunfelsia lactea,Solanaceae,85,5,NA,35.4,
Brunfelsia lactea,Solanaceae,86,5,NA,38.6,
Brunfelsia lactea,Solanaceae,87,5,NA,36.4,
Brunfelsia lactea,Solanaceae,88,5,NA,31.8,
Brunfelsia lactea,Solanaceae,89,6,445.4,36.4,
Brunfelsia lactea,Solanaceae,90,6,508.2,38.6,
Brunfelsia lactea,Solanaceae,91,6,NA,40.2,
Brunfelsia lactea,Solanaceae,92,6,425.7,32.2,
Brunfelsia lactea,Solanaceae,93,6,367.2,39.8,
Brunfelsia lactea,Solanaceae,94,6,NA,32,
Brunfelsia lactea,Solanaceae,95,7,349.3,30.8,
Brunfelsia lactea,Solanaceae,96,7,NA,37.6,
Brunfelsia lactea,Solanaceae,97,7,410,40,
Brunfelsia lactea,Solanaceae,98,7,409.4,38.8,
Brunfelsia lactea,Solanaceae,99,7,426.1,41.6,
Brunfelsia lactea,Solanaceae,100,8,486.8,35.6,
Brunfelsia lactea,Solanaceae,101,8,419,36.8,
Brunfelsia lactea,Solanaceae,102,8,373.3,40.6,
Brunfelsia lactea,Solanaceae,103,8,428.6,38,
Brunfelsia lactea,Solanaceae,104,8,321.8,31,
Combretum rotundifolium,Combretaceae,105,1,NA,47,
Combretum rotundifolium,Combretaceae,106,1,NA,40,
Combretum rotundifolium,Combretaceae,107,1,201.8,42,
Combretum rotundifolium,Combretaceae,108,1,NA,39.8,
Combretum rotundifolium,Combretaceae,109,1,245.5,40.6,
Combretum rotundifolium,Combretaceae,110,1,129.7,37,
Combretum rotundifolium,Combretaceae,111,1,NA,44.4,
Combretum rotundifolium,Combretaceae,112,1,158.3,39.6,
Combretum rotundifolium,Combretaceae,113,1,135.5,45,
Combretum rotundifolium,Combretaceae,114,1,210.7,36.2,
Combretum rotundifolium,Combretaceae,115,2,NA,40.2,
Combretum rotundifolium,Combretaceae,116,2,NA,39.2,
Combretum rotundifolium,Combretaceae,117,2,30.7,47.6,
Combretum rotundifolium,Combretaceae,118,2,170.2,36,
Combretum rotundifolium,Combretaceae,119,2,220.6,41.4,
Combretum rotundifolium,Combretaceae,120,2,208.3,40.6,
Combretum rotundifolium,Combretaceae,121,2,NA,42,
Combretum rotundifolium,Combretaceae,122,2,227.8,39,
Combretum rotundifolium,Combretaceae,123,2,140,40,
Combretum rotundifolium,Combretaceae,124,2,NA,39.8,
Combretum rotundifolium,Combretaceae,125,3,218,38.6,
Combretum rotundifolium,Combretaceae,126,3,283.6,30.6,
Combretum rotundifolium,Combretaceae,127,3,184.3,40.4,
Combretum rotundifolium,Combretaceae,128,3,291.2,36,
Combretum rotundifolium,Combretaceae,129,3,NA,38.6,
Combretum rotundifolium,Combretaceae,130,3,91.7,42.4,
Combretum rotundifolium,Combretaceae,131,3,106.6,46.6,
Combretum rotundifolium,Combretaceae,132,3,285.2,35,
Combretum rotundifolium,Combretaceae,133,3,231.3,41.8,
Combretum rotundifolium,Combretaceae,134,3,34.8,46.8,
Combretum rotundifolium,Combretaceae,135,4,NA,45.4,
Combretum rotundifolium,Combretaceae,136,4,260.4,36.4,
Combretum rotundifolium,Combretaceae,137,4,252.8,40.2,
Combretum rotundifolium,Combretaceae,138,4,96.3,37.8,
Combretum rotundifolium,Combretaceae,139,4,NA,42.4,
Combretum rotundifolium,Combretaceae,140,4,243.9,32.4,
Combretum rotundifolium,Combretaceae,141,4,125,28.6,
Combretum rotundifolium,Combretaceae,142,4,NA,41,
Combretum rotundifolium,Combretaceae,143,4,367.2,40.4,
Combretum rotundifolium,Combretaceae,144,4,NA,36.8,
Combretum rotundifolium,Combretaceae,145,4,84.9,36.8,
Combretum rotundifolium,Combretaceae,146,5,NA,33,
Combretum rotundifolium,Combretaceae,147,5,NA,34,
Combretum rotundifolium,Combretaceae,148,5,204.2,33.2,
Combretum rotundifolium,Combretaceae,149,5,233.7,35.2,
Combretum rotundifolium,Combretaceae,150,5,256.4,39,
Combretum rotundifolium,Combretaceae,151,5,195.7,40,
Combretum rotundifolium,Combretaceae,152,5,NA,28.2,
Combretum rotundifolium,Combretaceae,153,5,NA,41.8,
Combretum rotundifolium,Combretaceae,154,5,71.4,40.8,
Combretum rotundifolium,Combretaceae,155,5,NA,37.2,
Combretum rotundifolium,Combretaceae,156,5,303.6,30.4,
Combretum rotundifolium,Combretaceae,157,6,NA,37,
Combretum rotundifolium,Combretaceae,158,6,214.1,39.2,
Combretum rotundifolium,Combretaceae,159,6,205.5,37.4,
Combretum rotundifolium,Combretaceae,160,6,NA,35.4,
Combretum rotundifolium,Combretaceae,161,6,136.9,38.6,
Combretum rotundifolium,Combretaceae,162,6,162.8,40.8,
Combretum rotundifolium,Combretaceae,163,6,182.7,40.6,
Combretum rotundifolium,Combretaceae,164,6,212.2,31.6,
Combretum rotundifolium,Combretaceae,165,6,156.2,36.8,
Combretum rotundifolium,Combretaceae,166,6,NA,38.6,
Combretum rotundifolium,Combretaceae,167,7,NA,32.6,
Combretum rotundifolium,Combretaceae,168,7,102.7,44.2,
Combretum rotundifolium,Combretaceae,169,7,223.8,40,
Combretum rotundifolium,Combretaceae,170,7,NA,41.4,
Combretum rotundifolium,Combretaceae,171,7,207.5,41.6,
Combretum rotundifolium,Combretaceae,172,7,481.1,40,
Combretum rotundifolium,Combretaceae,173,7,NA,34.6,
Combretum rotundifolium,Combretaceae,174,7,175.2,46.2,
Combretum rotundifolium,Combretaceae,175,7,119.5,41,
Combretum rotundifolium,Combretaceae,176,7,NA,32.2,
Combretum rotundifolium,Combretaceae,177,8,73.6,44,
Combretum rotundifolium,Combretaceae,178,8,32.3,41.2,
Combretum rotundifolium,Combretaceae,179,8,NA,31.2,
Combretum rotundifolium,Combretaceae,180,8,NA,33.2,
Combretum rotundifolium,Combretaceae,181,8,162.6,35,
Combretum rotundifolium,Combretaceae,182,8,31.3,46,
Combretum rotundifolium,Combretaceae,183,8,226.5,45,
Combretum rotundifolium,Combretaceae,184,8,112.5,35.6,
Combretum rotundifolium,Combretaceae,185,8,70.1,32.8,
Gardenia taitensis,Rubiaceae,186,1,23.5,42.8,
Gardenia taitensis,Rubiaceae,187,1,143.8,30.6,
Gardenia taitensis,Rubiaceae,188,1,19.1,46.8,
Gardenia taitensis,Rubiaceae,189,1,61.9,46.6,
Gardenia taitensis,Rubiaceae,190,1,NA,31.2,
Gardenia taitensis,Rubiaceae,191,1,61.3,39.8,
Gardenia taitensis,Rubiaceae,192,1,93.8,38,
Gardenia taitensis,Rubiaceae,193,1,29.1,33.2,
Gardenia taitensis,Rubiaceae,194,1,50.3,31.6,
Gardenia taitensis,Rubiaceae,195,1,110.2,34,
Gardenia taitensis,Rubiaceae,196,2,47,32.6,
Gardenia taitensis,Rubiaceae,197,2,18.3,43.8,
Gardenia taitensis,Rubiaceae,198,2,62.8,37.4,
Gardenia taitensis,Rubiaceae,199,2,70.8,34,
Gardenia taitensis,Rubiaceae,200,2,NA,44.4,
Gardenia taitensis,Rubiaceae,201,2,68.8,32.4,
Gardenia taitensis,Rubiaceae,202,2,NA,33.4,
Gardenia taitensis,Rubiaceae,203,2,35.2,32.8,
Gardenia taitensis,Rubiaceae,204,2,NA,35.8,
Gardenia taitensis,Rubiaceae,205,2,84.3,31.2,
Gardenia taitensis,Rubiaceae,206,3,NA,29.8,
Gardenia taitensis,Rubiaceae,207,3,102.6,41,
Gardenia taitensis,Rubiaceae,208,3,150.3,34.6,
Gardenia taitensis,Rubiaceae,209,3,147,31.8,
Gardenia taitensis,Rubiaceae,210,3,171.2,35.8,
Gardenia taitensis,Rubiaceae,211,3,NA,33,
Gardenia taitensis,Rubiaceae,212,3,245.3,32.6,
Gardenia taitensis,Rubiaceae,213,3,100.8,31,
Gardenia taitensis,Rubiaceae,214,3,42.6,32.8,
Gardenia taitensis,Rubiaceae,215,3,152.1,32.2,
Gardenia taitensis,Rubiaceae,216,4,330,36.8,
Gardenia taitensis,Rubiaceae,217,4,223.4,32.6,
Gardenia taitensis,Rubiaceae,218,4,248.5,32.6,
Gardenia taitensis,Rubiaceae,219,4,NA,34.2,
Gardenia taitensis,Rubiaceae,220,4,324.1,35,
Gardenia taitensis,Rubiaceae,221,4,NA,33.8,
Gardenia taitensis,Rubiaceae,222,4,229.7,37.2,
Gardenia taitensis,Rubiaceae,223,4,NA,33.8,
Gardenia taitensis,Rubiaceae,224,4,120.8,32.6,
Gardenia taitensis,Rubiaceae,225,5,345.1,39.4,
Gardenia taitensis,Rubiaceae,226,5,218.2,33,
Gardenia taitensis,Rubiaceae,227,5,NA,35.4,
Gardenia taitensis,Rubiaceae,228,5,NA,31.6,
Gardenia taitensis,Rubiaceae,229,5,NA,39.4,
Gardenia taitensis,Rubiaceae,230,5,NA,33.2,
Gardenia taitensis,Rubiaceae,231,5,282,39,
Gardenia taitensis,Rubiaceae,232,5,427.3,33.6,
Gardenia taitensis,Rubiaceae,233,5,NA,32.4,
Gardenia taitensis,Rubiaceae,234,6,76.2,41.2,
Gardenia taitensis,Rubiaceae,235,6,71.3,45,
Gardenia taitensis,Rubiaceae,236,6,117.1,32.8,
Gardenia taitensis,Rubiaceae,237,6,54.9,30.6,
Gardenia taitensis,Rubiaceae,238,6,84.3,41.8,
Gardenia taitensis,Rubiaceae,239,6,44.4,38.8,
Gardenia taitensis,Rubiaceae,240,6,46.6,41.6,
Gardenia taitensis,Rubiaceae,241,6,55.1,42.8,
Gardenia taitensis,Rubiaceae,242,6,36.5,37,
Gardenia taitensis,Rubiaceae,243,7,98.1,42.6,
Gardenia taitensis,Rubiaceae,244,7,135.8,32.2,
Gardenia taitensis,Rubiaceae,245,7,191.2,40.6,
Gardenia taitensis,Rubiaceae,246,7,143.7,40,
Gardenia taitensis,Rubiaceae,247,7,NA,31.4,
Gardenia taitensis,Rubiaceae,248,7,27,45.8,
Gardenia taitensis,Rubiaceae,249,7,38.7,46.2,
Gardenia taitensis,Rubiaceae,250,7,73.3,42.6,
Gardenia taitensis,Rubiaceae,251,7,81,42.6,
Ginoria glabra,Lythraceae,252,1,563.9,31.2,
Ginoria glabra,Lythraceae,253,1,NA,36,
Ginoria glabra,Lythraceae,254,1,597.9,34.6,
Ginoria glabra,Lythraceae,255,1,NA,34.2,
Ginoria glabra,Lythraceae,256,1,NA,34.6,
Ginoria glabra,Lythraceae,257,1,540.1,35,
Ginoria glabra,Lythraceae,258,1,627.1,32.8,
Ginoria glabra,Lythraceae,259,1,NA,34,
Ginoria glabra,Lythraceae,260,1,300.8,32.8,
Ginoria glabra,Lythraceae,261,1,648.3,30.2,
Ginoria glabra,Lythraceae,262,1,NA,37.8,
Ginoria glabra,Lythraceae,263,2,657,35.2,
Ginoria glabra,Lythraceae,264,2,459.3,33.6,
Ginoria glabra,Lythraceae,265,2,599.2,30.8,
Ginoria glabra,Lythraceae,266,2,NA,36.2,
Ginoria glabra,Lythraceae,267,2,567,36.6,
Ginoria glabra,Lythraceae,268,2,789.9,33.4,
Ginoria glabra,Lythraceae,269,2,576.2,33.8,
Ginoria glabra,Lythraceae,270,2,NA,34,
Ginoria glabra,Lythraceae,271,2,319.5,34.8,
Ginoria glabra,Lythraceae,272,2,711.4,30.6,
Ginoria glabra,Lythraceae,273,3,328.3,35.2,
Ginoria glabra,Lythraceae,274,3,331.5,35.4,
Ginoria glabra,Lythraceae,275,3,518.2,35.2,
Ginoria glabra,Lythraceae,276,3,377.6,37.2,
Ginoria glabra,Lythraceae,277,3,158.6,34.4,
Ginoria glabra,Lythraceae,278,3,655.6,32.4,
Ginoria glabra,Lythraceae,279,3,478.2,37,
Ginoria glabra,Lythraceae,280,3,254.5,40.4,
Ginoria glabra,Lythraceae,281,3,658.4,30.6,
Ginoria glabra,Lythraceae,282,3,NA,38,
Ginoria glabra,Lythraceae,283,3,220.1,38.6,
Ginoria glabra,Lythraceae,284,4,NA,36.2,
Ginoria glabra,Lythraceae,285,4,NA,36.8,
Ginoria glabra,Lythraceae,286,4,666.2,33.6,
Ginoria glabra,Lythraceae,287,4,NA,32.6,
Ginoria glabra,Lythraceae,288,4,NA,36.3,
Ginoria glabra,Lythraceae,289,4,NA,38.8,
Ginoria glabra,Lythraceae,290,4,182.4,37.8,
Ginoria glabra,Lythraceae,291,4,NA,31.2,
Ginoria glabra,Lythraceae,292,4,338.3,34.6,
Ginoria glabra,Lythraceae,293,4,NA,39,
Ginoria glabra,Lythraceae,294,4,489.6,34.6,
Ginoria glabra,Lythraceae,295,5,NA,32.6,
Ginoria glabra,Lythraceae,296,5,742,33.6,
Ginoria glabra,Lythraceae,297,5,NA,36.4,
Ginoria glabra,Lythraceae,298,5,NA,29.2,
Ginoria glabra,Lythraceae,299,5,NA,35.4,
Ginoria glabra,Lythraceae,300,5,NA,38.2,
Ginoria glabra,Lythraceae,301,5,NA,37.4,
Ginoria glabra,Lythraceae,302,5,NA,36.8,
Ginoria glabra,Lythraceae,303,5,400.7,35.2,
Ginoria glabra,Lythraceae,304,5,464.2,36.4,
Ginoria glabra,Lythraceae,305,5,681.6,35.2,
Ginoria glabra,Lythraceae,306,5,277.8,34,
Ginoria glabra,Lythraceae,307,6,273.2,36.4,
Ginoria glabra,Lythraceae,308,6,NA,37.8,
Ginoria glabra,Lythraceae,309,6,NA,36.4,
Ginoria glabra,Lythraceae,310,6,NA,35.6,
Ginoria glabra,Lythraceae,311,6,633.3,34.2,
Ginoria glabra,Lythraceae,312,6,392.6,37.4,
Ginoria glabra,Lythraceae,313,6,250.6,35.2,
Ginoria glabra,Lythraceae,314,6,350.5,37.2,
Ginoria glabra,Lythraceae,315,6,286.1,39.2,
Ginoria glabra,Lythraceae,316,6,339.7,41.8,
Ginoria glabra,Lythraceae,317,6,668.6,34.8,
Ginoria glabra,Lythraceae,318,7,75.6,43.4,
Ginoria glabra,Lythraceae,319,7,612.6,36.2,
Ginoria glabra,Lythraceae,320,7,425.7,42.4,
Ginoria glabra,Lythraceae,321,7,571.8,39,
Ginoria glabra,Lythraceae,322,7,761.6,36.2,
Ginoria glabra,Lythraceae,323,7,787.2,33.8,
Ginoria glabra,Lythraceae,324,7,222.2,39.4,
Ginoria glabra,Lythraceae,325,7,NA,33.2,
Ginoria glabra,Lythraceae,326,7,52.1,39.8,
Ginoria glabra,Lythraceae,327,7,469.9,38.8,
Ginoria glabra,Lythraceae,328,7,158.4,41,
Ginoria glabra,Lythraceae,329,8,NA,31.6,
Ginoria glabra,Lythraceae,330,8,230.2,39.2,
Ginoria glabra,Lythraceae,331,8,232.8,41.2,
Ginoria glabra,Lythraceae,332,8,76.5,41.2,
Ginoria glabra,Lythraceae,333,8,312.7,39.6,
Ginoria glabra,Lythraceae,334,8,799.6,36,
Ginoria glabra,Lythraceae,335,8,82.5,40.6,
Ginoria glabra,Lythraceae,336,8,701,32.6,
Ginoria glabra,Lythraceae,337,8,264.5,42.4,
Ginoria glabra,Lythraceae,338,8,317.8,35.6,
Ginoria glabra,Lythraceae,339,8,440.9,38.2,
Hamelia patens,Rubiaceae,340,1,NA,35.6,
Hamelia patens,Rubiaceae,341,1,NA,35.2,
Hamelia patens,Rubiaceae,342,1,679.9,32.2,
Hamelia patens,Rubiaceae,343,1,1464.9,30.2,
Hamelia patens,Rubiaceae,344,1,1073.9,29.6,
Hamelia patens,Rubiaceae,345,1,1277.7,33,
Hamelia patens,Rubiaceae,346,1,895.6,34,
Hamelia patens,Rubiaceae,347,1,808.2,36.8,
Hamelia patens,Rubiaceae,348,1,NA,35.8,
Hamelia patens,Rubiaceae,349,1,1185.9,32.4,
Hamelia patens,Rubiaceae,350,2,1362.8,33.8,
Hamelia patens,Rubiaceae,351,2,1105,30.2,
Hamelia patens,Rubiaceae,352,2,1090.6,37.2,
Hamelia patens,Rubiaceae,353,2,538.5,30.2,
Hamelia patens,Rubiaceae,354,2,946.8,34,
Hamelia patens,Rubiaceae,355,2,621.3,31.8,
Hamelia patens,Rubiaceae,356,2,NA,33.4,
Hamelia patens,Rubiaceae,357,2,804.5,33.2,
Hamelia patens,Rubiaceae,358,2,426.7,33.8,
Hamelia patens,Rubiaceae,359,2,1231.7,32,
Hamelia patens,Rubiaceae,360,3,993.3,34.2,
Hamelia patens,Rubiaceae,361,3,1043.1,33.2,
Hamelia patens,Rubiaceae,362,3,1481.7,34.8,
Hamelia patens,Rubiaceae,363,3,1315.4,31.4,
Hamelia patens,Rubiaceae,364,3,NA,31.8,
Hamelia patens,Rubiaceae,365,3,NA,33,
Hamelia patens,Rubiaceae,366,3,994,35,
Hamelia patens,Rubiaceae,367,3,NA,35.8,
Hamelia patens,Rubiaceae,368,3,NA,31.6,
Hamelia patens,Rubiaceae,369,3,785.8,32.8,
Hamelia patens,Rubiaceae,370,4,NA,34,
Hamelia patens,Rubiaceae,371,4,789.6,30.4,
Hamelia patens,Rubiaceae,372,4,1300.2,34.2,
Hamelia patens,Rubiaceae,373,4,987.8,31.8,
Hamelia patens,Rubiaceae,374,4,NA,35.8,
Hamelia patens,Rubiaceae,375,4,NA,32.2,
Hamelia patens,Rubiaceae,376,4,1026.3,34.2,
Hamelia patens,Rubiaceae,377,4,1485.1,34.6,
Hamelia patens,Rubiaceae,378,4,1659,34.6,
Hamelia patens,Rubiaceae,379,4,1374.1,37.8,
Hamelia patens,Rubiaceae,380,5,1209.4,32.4,
Hamelia patens,Rubiaceae,381,5,662,35.2,
Hamelia patens,Rubiaceae,382,5,1272.4,34.4,
Hamelia patens,Rubiaceae,383,5,NA,34,
Hamelia patens,Rubiaceae,384,5,1555.2,33.6,
Hamelia patens,Rubiaceae,385,5,945.3,35.2,
Hamelia patens,Rubiaceae,386,5,NA,31.4,
Hamelia patens,Rubiaceae,387,5,NA,30,
Hamelia patens,Rubiaceae,388,5,1066.9,37,
Hamelia patens,Rubiaceae,389,5,1155,33,
Hamelia patens,Rubiaceae,390,6,NA,37.2,
Hamelia patens,Rubiaceae,391,6,NA,29.8,
Hamelia patens,Rubiaceae,392,6,982.4,30.2,
Hamelia patens,Rubiaceae,393,6,735.8,38.2,
Hamelia patens,Rubiaceae,394,6,1149.8,34.2,
Hamelia patens,Rubiaceae,395,6,NA,34.4,
Hamelia patens,Rubiaceae,396,6,1209.9,32.6,
Hamelia patens,Rubiaceae,397,6,NA,34,
Hamelia patens,Rubiaceae,398,6,NA,31.6,
Hamelia patens,Rubiaceae,399,7,1309.9,31.2,
Hamelia patens,Rubiaceae,400,8,1094.7,32,
Hamelia patens,Rubiaceae,401,8,737.8,33.6,
Hamelia patens,Rubiaceae,402,8,825.3,33.4,
Hamelia patens,Rubiaceae,403,8,738.6,32.6,
Hamelia patens,Rubiaceae,404,8,1188.2,33.6,
Hamelia patens,Rubiaceae,405,8,853.2,33.8,
Hamelia patens,Rubiaceae,406,8,NA,35,
Hamelia patens,Rubiaceae,407,8,1321.1,33.4,
Hamelia patens,Rubiaceae,408,8,1007.1,32.8,
Hamelia patens,Rubiaceae,409,8,1132.4,32.2,
Hibiscus boryanus,Malvaceae,410,1,158.4,37.4,
Hibiscus boryanus,Malvaceae,411,1,383.8,29.6,
Hibiscus boryanus,Malvaceae,412,1,280.8,35.2,
Hibiscus boryanus,Malvaceae,413,1,NA,38.2,
Hibiscus boryanus,Malvaceae,414,1,178.6,32,
Hibiscus boryanus,Malvaceae,415,1,NA,31.1,
Hibiscus boryanus,Malvaceae,416,1,308.8,39.6,
Hibiscus boryanus,Malvaceae,417,2,96.4,37.8,
Hibiscus boryanus,Malvaceae,418,2,NA,32.4,
Hibiscus boryanus,Malvaceae,419,2,304.4,38.2,
Hibiscus boryanus,Malvaceae,420,2,148.3,32.8,
Hibiscus boryanus,Malvaceae,421,2,108.2,34,
Hibiscus boryanus,Malvaceae,422,2,340.6,29.6,
Hibiscus boryanus,Malvaceae,423,2,NA,35.6,
Hibiscus boryanus,Malvaceae,424,3,NA,39.4,
Hibiscus boryanus,Malvaceae,425,3,326.5,32,
Hibiscus boryanus,Malvaceae,426,3,89.9,38.6,
Hibiscus boryanus,Malvaceae,427,3,NA,33.2,
Hibiscus boryanus,Malvaceae,428,3,NA,32.2,
Hibiscus boryanus,Malvaceae,429,3,NA,35.2,
Hibiscus boryanus,Malvaceae,430,4,363.5,36.6,
Hibiscus boryanus,Malvaceae,431,4,70.4,41.8,
Hibiscus boryanus,Malvaceae,432,4,187.3,39,
Hibiscus boryanus,Malvaceae,433,4,NA,37.3,
Hibiscus boryanus,Malvaceae,434,4,103,37.2,
Hibiscus boryanus,Malvaceae,435,4,121,38.2,
Hibiscus boryanus,Malvaceae,436,5,NA,35.8,
Hibiscus boryanus,Malvaceae,437,5,206.4,38.6,
Hibiscus boryanus,Malvaceae,438,5,174.9,35.2,
Hibiscus boryanus,Malvaceae,439,5,NA,35.5,
Hibiscus boryanus,Malvaceae,440,5,159.4,32.2,
Hibiscus boryanus,Malvaceae,441,5,450.2,35.4,
Hibiscus boryanus,Malvaceae,442,5,85.9,35.2,
Hibiscus boryanus,Malvaceae,443,5,200.9,36.4,
Hibiscus boryanus,Malvaceae,444,6,189.3,38,
Hibiscus boryanus,Malvaceae,445,6,192.3,42.4,
Hibiscus boryanus,Malvaceae,446,6,242.9,39.6,
Hibiscus boryanus,Malvaceae,447,6,NA,33.2,
Hibiscus boryanus,Malvaceae,448,6,NA,41.2,
Hibiscus boryanus,Malvaceae,449,6,NA,37.2,
Hibiscus boryanus,Malvaceae,450,6,151.5,37.8,
Hibiscus boryanus,Malvaceae,451,6,163.3,36.2,
Hibiscus boryanus,Malvaceae,452,7,NA,38.2,
Hibiscus boryanus,Malvaceae,453,7,263.8,39.4,
Hibiscus boryanus,Malvaceae,454,7,359.1,36.2,
Hibiscus boryanus,Malvaceae,455,7,262.1,41.8,
Hibiscus boryanus,Malvaceae,456,7,NA,31.8,
Hibiscus boryanus,Malvaceae,457,7,221.1,39.4,
Hibiscus boryanus,Malvaceae,458,7,332,35.2,
Hibiscus boryanus,Malvaceae,459,7,285,42.2,
Hibiscus boryanus,Malvaceae,460,8,NA,22,leaf temp gage fell off
Hibiscus boryanus,Malvaceae,461,8,258.5,22,leaf temp gage fell off
Hibiscus boryanus,Malvaceae,462,8,NA,22,leaf temp gage fell off
Hibiscus boryanus,Malvaceae,463,8,NA,22,leaf temp gage fell off
Hibiscus boryanus,Malvaceae,464,8,452.6,22,leaf temp gage fell off
Hibiscus boryanus,Malvaceae,465,8,159.9,22,leaf temp gage fell off
Hibiscus boryanus,Malvaceae,466,8,138.1,22,leaf temp gage fell off
Justicia brandegeeana,Acanthaceae,467,1,312,39.6,
Justicia brandegeeana,Acanthaceae,468,1,969.8,36.2,
Justicia brandegeeana,Acanthaceae,469,1,497.4,32.6,
Justicia brandegeeana,Acanthaceae,470,1,NA,41.6,
Justicia brandegeeana,Acanthaceae,471,1,738.9,37.2,
Justicia brandegeeana,Acanthaceae,472,1,164.3,38.4,
Justicia brandegeeana,Acanthaceae,473,1,NA,38.6,
Justicia brandegeeana,Acanthaceae,474,1,NA,32,
Justicia brandegeeana,Acanthaceae,475,2,1344.8,37.4,
Justicia brandegeeana,Acanthaceae,476,2,710.1,34.6,
Justicia brandegeeana,Acanthaceae,477,2,935.2,33.6,
Justicia brandegeeana,Acanthaceae,478,2,NA,34.8,
Justicia brandegeeana,Acanthaceae,479,2,565.4,36.4,
Justicia brandegeeana,Acanthaceae,480,2,1088.4,37.6,
Justicia brandegeeana,Acanthaceae,481,2,504.6,34.2,
Justicia brandegeeana,Acanthaceae,482,3,1125.9,38.2,
Justicia brandegeeana,Acanthaceae,483,3,NA,36.8,
Justicia brandegeeana,Acanthaceae,484,3,879.3,37.2,
Justicia brandegeeana,Acanthaceae,485,3,750.5,37.8,
Justicia brandegeeana,Acanthaceae,486,3,1130.6,37.6,
Justicia brandegeeana,Acanthaceae,487,3,NA,36.2,
Justicia brandegeeana,Acanthaceae,488,3,810.7,35.4,
Justicia brandegeeana,Acanthaceae,489,4,NA,39.6,
Justicia brandegeeana,Acanthaceae,490,4,955.6,38,
Justicia brandegeeana,Acanthaceae,491,4,462.1,36.4,
Justicia brandegeeana,Acanthaceae,492,4,573.7,32.8,
Justicia brandegeeana,Acanthaceae,493,4,NA,35.6,
Justicia brandegeeana,Acanthaceae,494,4,955.4,37,
Justicia brandegeeana,Acanthaceae,495,4,1051.4,33.8,
Justicia brandegeeana,Acanthaceae,496,5,NA,36.4,
Justicia brandegeeana,Acanthaceae,497,5,NA,35,
Justicia brandegeeana,Acanthaceae,498,5,880.3,31,
Justicia brandegeeana,Acanthaceae,499,5,844.4,35.6,
Justicia brandegeeana,Acanthaceae,500,5,NA,33.6,
Justicia brandegeeana,Acanthaceae,501,5,NA,37.8,
Justicia brandegeeana,Acanthaceae,502,5,1165.2,35.4,
Justicia brandegeeana,Acanthaceae,503,6,620,31.4,
Justicia brandegeeana,Acanthaceae,504,6,552.4,36.6,
Justicia brandegeeana,Acanthaceae,505,6,1074.5,38.2,
Justicia brandegeeana,Acanthaceae,506,6,1116.4,32.2,
Justicia brandegeeana,Acanthaceae,507,6,1184.8,37.4,
Justicia brandegeeana,Acanthaceae,508,6,358.8,40.4,
Justicia brandegeeana,Acanthaceae,509,6,284.4,32.2,
Justicia brandegeeana,Acanthaceae,510,7,1005.8,36.4,
Justicia brandegeeana,Acanthaceae,511,7,537.4,31.6,
Justicia brandegeeana,Acanthaceae,512,7,930.6,38.6,
Justicia brandegeeana,Acanthaceae,513,7,945.9,31.2,
Justicia brandegeeana,Acanthaceae,514,7,NA,38.2,
Justicia brandegeeana,Acanthaceae,515,7,488.3,36.4,
Justicia brandegeeana,Acanthaceae,516,7,282.6,37.8,
Phaleria macrocarpa,Thymelaceae,517,1,330.8,40.4,
Phaleria macrocarpa,Thymelaceae,518,1,203.7,37.8,
Phaleria macrocarpa,Thymelaceae,519,1,235.3,39.2,
Phaleria macrocarpa,Thymelaceae,520,1,225.3,38.6,
Phaleria macrocarpa,Thymelaceae,521,1,205.8,31.6,
Phaleria macrocarpa,Thymelaceae,522,1,128.9,31.8,
Phaleria macrocarpa,Thymelaceae,523,1,56.8,34.2,
Phaleria macrocarpa,Thymelaceae,524,1,54.1,32,
Phaleria macrocarpa,Thymelaceae,525,2,429.6,37.6,
Phaleria macrocarpa,Thymelaceae,526,2,383.5,39.8,
Phaleria macrocarpa,Thymelaceae,527,2,356.8,35.6,
Phaleria macrocarpa,Thymelaceae,528,2,360,31.6,
Phaleria macrocarpa,Thymelaceae,529,2,NA,37.6,
Phaleria macrocarpa,Thymelaceae,530,2,358.5,35.8,
Phaleria macrocarpa,Thymelaceae,531,2,144.8,35.8,
Phaleria macrocarpa,Thymelaceae,532,3,NA,38.8,
Phaleria macrocarpa,Thymelaceae,533,3,304.9,36.8,
Phaleria macrocarpa,Thymelaceae,534,3,61.1,33.2,
Phaleria macrocarpa,Thymelaceae,535,3,290.1,39.6,
Phaleria macrocarpa,Thymelaceae,536,3,236.1,40.2,
Phaleria macrocarpa,Thymelaceae,537,3,171.8,31.8,
Phaleria macrocarpa,Thymelaceae,538,4,243.8,34.8,
Phaleria macrocarpa,Thymelaceae,539,4,NA,33.6,
Phaleria macrocarpa,Thymelaceae,540,4,NA,34.6,
Phaleria macrocarpa,Thymelaceae,541,4,NA,34.6,
Phaleria macrocarpa,Thymelaceae,542,4,466.7,37.4,
Phaleria macrocarpa,Thymelaceae,543,4,337.7,36.6,
Phaleria macrocarpa,Thymelaceae,544,4,NA,31.8,
Phaleria macrocarpa,Thymelaceae,545,5,360.6,36.2,
Phaleria macrocarpa,Thymelaceae,546,5,NA,31,
Phaleria macrocarpa,Thymelaceae,547,5,141.9,34.4,
Phaleria macrocarpa,Thymelaceae,548,5,338.5,34.5,
Phaleria macrocarpa,Thymelaceae,549,5,NA,36.6,
Phaleria macrocarpa,Thymelaceae,550,5,NA,35.8,
Phaleria macrocarpa,Thymelaceae,551,5,357.9,39.7,
Phaleria macrocarpa,Thymelaceae,552,5,NA,33.3,
Phaleria macrocarpa,Thymelaceae,553,6,339.3,36.4,
Phaleria macrocarpa,Thymelaceae,554,6,390.1,36,
Phaleria macrocarpa,Thymelaceae,555,6,NA,38.4,
Phaleria macrocarpa,Thymelaceae,556,6,423.6,35.6,
Phaleria macrocarpa,Thymelaceae,557,6,240.3,31.4,
Phaleria macrocarpa,Thymelaceae,558,6,416.3,39.4,
Phaleria macrocarpa,Thymelaceae,559,6,298.7,35.2,
Phaleria macrocarpa,Thymelaceae,560,7,365.2,25,leaf temp gage fell off
Phaleria macrocarpa,Thymelaceae,561,7,181.7,25,leaf temp gage fell off
Phaleria macrocarpa,Thymelaceae,562,7,NA,25,leaf temp gage fell off
Phaleria macrocarpa,Thymelaceae,563,7,325,25,leaf temp gage fell off
Phaleria macrocarpa,Thymelaceae,564,7,242.9,25,leaf temp gage fell off
Phaleria macrocarpa,Thymelaceae,565,7,241.5,25,leaf temp gage fell off
Phaleria macrocarpa,Thymelaceae,566,7,401.5,25,leaf temp gage fell off